NCI:C101244	ICD10CM:Z71.6	0.04999999999999999	0.04999999999999999	0.09999999999999998	0.8
NCI:C107102	ICD10CM:D70	0.04999999999999999	0.04999999999999999	0.8	0.09999999999999998
NCI:C113483	ICD10CM:K90	0.04999999999999999	0.04999999999999999	0.8	0.09999999999999998
NCI:C120455	ICD10CM:C50.019	0.04999999999999999	0.04999999999999999	0.09999999999999998	0.8
NCI:C120456	ICD10CM:C64	0.04999999999999999	0.04999999999999999	0.8	0.09999999999999998
NCI:C120456	ICD10CM:C64.1	0.09999999999999998	0.8	0.04999999999999999	0.04999999999999999
NCI:C120456	ICD10CM:C64.2	0.09999999999999998	0.8	0.04999999999999999	0.04999999999999999
NCI:C120456	ICD10CM:C64.9	0.09999999999999998	0.8	0.04999999999999999	0.04999999999999999
NCI:C123611	ICD10CM:R97.2	0.04999999999999999	0.04999999999999999	0.8	0.09999999999999998
NCI:C123908	ICD10CM:C90.02	0.04999999999999999	0.04999999999999999	0.09999999999999998	0.8
NCI:C132448	ICD10CM:Z52.00	0.04999999999999999	0.04999999999999999	0.09999999999999998	0.8
NCI:C132448	ICD10CM:Z52.090	0.04999999999999999	0.04999999999999999	0.09999999999999998	0.8
NCI:C135522	ICD10CM:Z94	0.09999999999999998	0.8	0.04999999999999999	0.04999999999999999
NCI:C135522	ICD10CM:Z94.81	0.09999999999999998	0.8	0.04999999999999999	0.04999999999999999
NCI:C139005	ICD10CM:C84.48	0.04999999999999999	0.04999999999999999	0.09999999999999998	0.8
NCI:C142104	ICD10CM:R97.1	0.04999999999999999	0.04999999999999999	0.8	0.09999999999999998
NCI:C142810	ICD10CM:C91.02	0.04999999999999999	0.04999999999999999	0.8	0.09999999999999998
NCI:C147065	ICD10CM:C7B.8	0.04999999999999999	0.04999999999999999	0.09999999999999998	0.8
NCI:C148427	ICD10CM:C92.02	0.04999999999999999	0.04999999999999999	0.8	0.09999999999999998
NCI:C148429	ICD10CM:C95.02	0.04999999999999999	0.04999999999999999	0.09999999999999998	0.8
NCI:C15292	ICD10CM:Z51.5	0.04999999999999999	0.04999999999999999	0.8	0.09999999999999998
NCI:C153141	ICD10CM:Z52.3	0.04999999999999999	0.04999999999999999	0.8	0.09999999999999998
NCI:C153142	ICD10CM:Z52.5	0.04999999999999999	0.04999999999999999	0.8	0.09999999999999998
NCI:C15406	ICD10CM:Z12	0.04999999999999999	0.04999999999999999	0.09999999999999998	0.8
NCI:C15419	ICD10CM:Z13.9	0.04999999999999999	0.04999999999999999	0.09999999999999998	0.8
NCI:C154624	ICD10CM:Z53	0.04999999999999999	0.04999999999999999	0.09999999999999998	0.8
NCI:C154624	ICD10CM:Z71	0.04999999999999999	0.04999999999999999	0.09999999999999998	0.8
NCI:C154624	ICD10CM:Z76	0.04999999999999999	0.04999999999999999	0.09999999999999998	0.8
NCI:C154624	ICD10CM:Z76.89	0.04999999999999999	0.04999999999999999	0.09999999999999998	0.8
NCI:C15546	ICD10CM:Z12.3	0.04999999999999999	0.04999999999999999	0.09999999999999998	0.8
NCI:C15549	ICD10CM:Z12.11	0.04999999999999999	0.04999999999999999	0.09999999999999998	0.8
NCI:C156711	ICD10CM:C48	0.04999999999999999	0.04999999999999999	0.8	0.09999999999999998
NCI:C156714	ICD10CM:C76.2	0.04999999999999999	0.04999999999999999	0.8	0.09999999999999998
NCI:C156715	ICD10CM:C76.3	0.04999999999999999	0.04999999999999999	0.8	0.09999999999999998
NCI:C156717	ICD10CM:C92.52	0.04999999999999999	0.04999999999999999	0.8	0.09999999999999998
NCI:C156719	ICD10CM:C92.62	0.04999999999999999	0.04999999999999999	0.8	0.09999999999999998
NCI:C156720	ICD10CM:C92.A2	0.04999999999999999	0.04999999999999999	0.8	0.09999999999999998
NCI:C156722	ICD10CM:C93.02	0.04999999999999999	0.04999999999999999	0.8	0.09999999999999998
NCI:C156723	ICD10CM:C94.02	0.04999999999999999	0.04999999999999999	0.8	0.09999999999999998
NCI:C156724	ICD10CM:C92.A1	0.04999999999999999	0.04999999999999999	0.8	0.09999999999999998
NCI:C156725	ICD10CM:C93.01	0.04999999999999999	0.04999999999999999	0.8	0.09999999999999998
NCI:C156731	ICD10CM:C94.22	0.04999999999999999	0.04999999999999999	0.8	0.09999999999999998
NCI:C16205	ICD10CM:Z76.2	0.04999999999999999	0.04999999999999999	0.09999999999999998	0.8
NCI:C16877	ICD10CM:R69	0.04999999999999999	0.04999999999999999	0.09999999999999998	0.8
NCI:C174129	ICD10CM:C92.6	0.04999999999999999	0.04999999999999999	0.8	0.09999999999999998
NCI:C174129	ICD10CM:C92.60	0.04999999999999999	0.04999999999999999	0.09999999999999998	0.8
NCI:C18059	ICD10CM:Z72.0	0.04999999999999999	0.04999999999999999	0.8	0.09999999999999998
NCI:C18849	ICD10CM:Z85.038	0.09999999999999998	0.8	0.04999999999999999	0.04999999999999999
NCI:C18849	ICD10CM:Z85.05	0.09999999999999998	0.8	0.04999999999999999	0.04999999999999999
NCI:C18849	ICD10CM:Z85.07	0.09999999999999998	0.8	0.04999999999999999	0.04999999999999999
NCI:C18849	ICD10CM:Z85.1	0.09999999999999998	0.8	0.04999999999999999	0.04999999999999999
NCI:C18849	ICD10CM:Z85.3	0.09999999999999998	0.8	0.04999999999999999	0.04999999999999999
NCI:C18849	ICD10CM:Z85.43	0.09999999999999998	0.8	0.04999999999999999	0.04999999999999999
NCI:C18849	ICD10CM:Z85.46	0.09999999999999998	0.8	0.04999999999999999	0.04999999999999999
NCI:C18849	ICD10CM:Z85.528	0.09999999999999998	0.8	0.04999999999999999	0.04999999999999999
NCI:C18849	ICD10CM:Z85.6	0.09999999999999998	0.8	0.04999999999999999	0.04999999999999999
NCI:C18849	ICD10CM:Z85.71	0.09999999999999998	0.8	0.04999999999999999	0.04999999999999999
NCI:C18849	ICD10CM:Z85.72	0.09999999999999998	0.8	0.04999999999999999	0.04999999999999999
NCI:C18849	ICD10CM:Z85.79	0.09999999999999998	0.8	0.04999999999999999	0.04999999999999999
NCI:C18849	ICD10CM:Z85.830	0.09999999999999998	0.8	0.04999999999999999	0.04999999999999999
NCI:C18849	ICD10CM:Z85.831	0.09999999999999998	0.8	0.04999999999999999	0.04999999999999999
NCI:C18849	ICD10CM:Z85.841	0.09999999999999998	0.8	0.04999999999999999	0.04999999999999999
NCI:C18849	ICD10CM:Z85.89	0.09999999999999998	0.8	0.04999999999999999	0.04999999999999999
NCI:C18849	ICD10CM:Z86.000	0.09999999999999998	0.8	0.04999999999999999	0.04999999999999999
NCI:C20198	ICD10CM:Z55	0.04999999999999999	0.04999999999999999	0.09999999999999998	0.8
NCI:C20199	ICD10CM:Z91.89	0.04999999999999999	0.04999999999999999	0.09999999999999998	0.8
NCI:C25168	ICD10CM:Z52.9	0.04999999999999999	0.04999999999999999	0.09999999999999998	0.8
NCI:C25182	ICD10CM:Z76.4	0.04999999999999999	0.04999999999999999	0.09999999999999998	0.8
NCI:C25305	ICD10CM:Z00	0.04999999999999999	0.04999999999999999	0.09999999999999998	0.8
NCI:C25305	ICD10CM:Z00.00	0.04999999999999999	0.04999999999999999	0.09999999999999998	0.8
NCI:C25305	ICD10CM:Z00.1	0.04999999999999999	0.04999999999999999	0.09999999999999998	0.8
NCI:C25305	ICD10CM:Z00.6	0.04999999999999999	0.04999999999999999	0.09999999999999998	0.8
NCI:C26323	ICD10CM:D75	0.04999999999999999	0.04999999999999999	0.09999999999999998	0.8
NCI:C26323	ICD10CM:D75.9	0.04999999999999999	0.04999999999999999	0.09999999999999998	0.8
NCI:C26324	ICD10CM:D71	0.04999999999999999	0.04999999999999999	0.09999999999999998	0.8
NCI:C26326	ICD10CM:M95	0.04999999999999999	0.04999999999999999	0.09999999999999998	0.8
NCI:C26726	ICD10CM:B99	0.04999999999999999	0.04999999999999999	0.09999999999999998	0.8
NCI:C26781	ICD10CM:K21.0	0.09999999999999998	0.8	0.04999999999999999	0.04999999999999999
NCI:C26810	ICD10CM:J38.7	0.04999999999999999	0.04999999999999999	0.09999999999999998	0.8
NCI:C26842	ICD10CM:K86.9	0.04999999999999999	0.04999999999999999	0.09999999999999998	0.8
NCI:C26850	ICD10CM:J39.2	0.04999999999999999	0.04999999999999999	0.09999999999999998	0.8
NCI:C26915	ICD10CM:L80	0.04999999999999999	0.04999999999999999	0.8	0.09999999999999998
NCI:C27020	ICD10CM:N83.9	0.09999999999999998	0.8	0.04999999999999999	0.04999999999999999
NCI:C27134	ICD10CM:C96	0.04999999999999999	0.04999999999999999	0.09999999999999998	0.8
NCI:C27134	ICD10CM:C96.9	0.04999999999999999	0.04999999999999999	0.09999999999999998	0.8
NCI:C27134	ICD10CM:D47	0.04999999999999999	0.04999999999999999	0.09999999999999998	0.8
NCI:C27262	ICD10CM:C94.6	0.04999999999999999	0.04999999999999999	0.09999999999999998	0.8
NCI:C27467	ICD10CM:D02.2	0.04999999999999999	0.04999999999999999	0.09999999999999998	0.8
NCI:C27467	ICD10CM:D02.20	0.04999999999999999	0.04999999999999999	0.09999999999999998	0.8
NCI:C27573	ICD10CM:M70.829	0.04999999999999999	0.04999999999999999	0.09999999999999998	0.8
NCI:C27609	ICD10CM:H02.119	0.09999999999999998	0.8	0.04999999999999999	0.04999999999999999
NCI:C27720	ICD10CM:D13.7	0.04999999999999999	0.04999999999999999	0.09999999999999998	0.8
NCI:C27815	ICD10CM:C54.1	0.04999999999999999	0.04999999999999999	0.8	0.09999999999999998
NCI:C27871	ICD10CM:D81.8	0.04999999999999999	0.04999999999999999	0.09999999999999998	0.8
NCI:C27871	ICD10CM:D81.9	0.04999999999999999	0.04999999999999999	0.09999999999999998	0.8
NCI:C2870	ICD10CM:D61	0.04999999999999999	0.04999999999999999	0.09999999999999998	0.8
NCI:C2870	ICD10CM:D61.9	0.04999999999999999	0.04999999999999999	0.09999999999999998	0.8
NCI:C2872	ICD10CM:D46.4	0.04999999999999999	0.04999999999999999	0.09999999999999998	0.8
NCI:C2891	ICD10CM:K22.7	0.04999999999999999	0.04999999999999999	0.8	0.09999999999999998
NCI:C2895	ICD10CM:D27.9	0.09999999999999998	0.8	0.04999999999999999	0.04999999999999999
NCI:C2900	ICD10CM:N32.9	0.04999999999999999	0.04999999999999999	0.09999999999999998	0.8
NCI:C2904	ICD10CM:M85.429	0.04999999999999999	0.04999999999999999	0.09999999999999998	0.8
NCI:C2907	ICD10CM:D43.2	0.09999999999999998	0.8	0.04999999999999999	0.04999999999999999
NCI:C2907	ICD10CM:D49.6	0.09999999999999998	0.8	0.04999999999999999	0.04999999999999999
NCI:C2912	ICD10CM:C83.7	0.04999999999999999	0.04999999999999999	0.8	0.09999999999999998
NCI:C2912	ICD10CM:C83.70	0.04999999999999999	0.04999999999999999	0.09999999999999998	0.8
NCI:C2912	ICD10CM:C83.71	0.04999999999999999	0.04999999999999999	0.09999999999999998	0.8
NCI:C2912	ICD10CM:C83.73	0.04999999999999999	0.04999999999999999	0.09999999999999998	0.8
NCI:C2912	ICD10CM:C83.78	0.04999999999999999	0.04999999999999999	0.09999999999999998	0.8
NCI:C2912	ICD10CM:C83.79	0.04999999999999999	0.04999999999999999	0.09999999999999998	0.8
NCI:C2915	ICD10CM:D3A.00	0.04999999999999999	0.04999999999999999	0.09999999999999998	0.8
NCI:C2915	ICD10CM:D3A.8	0.04999999999999999	0.04999999999999999	0.09999999999999998	0.8
NCI:C2917	ICD10CM:D07	0.04999999999999999	0.04999999999999999	0.09999999999999998	0.8
NCI:C2917	ICD10CM:D07.30	0.04999999999999999	0.04999999999999999	0.09999999999999998	0.8
NCI:C2917	ICD10CM:D09	0.04999999999999999	0.04999999999999999	0.09999999999999998	0.8
NCI:C2917	ICD10CM:D09.3	0.04999999999999999	0.04999999999999999	0.09999999999999998	0.8
NCI:C2917	ICD10CM:D09.9	0.04999999999999999	0.04999999999999999	0.09999999999999998	0.8
NCI:C2920	ICD10CM:C44.1	0.09999999999999998	0.8	0.04999999999999999	0.04999999999999999
NCI:C2920	ICD10CM:C44.2	0.09999999999999998	0.8	0.04999999999999999	0.04999999999999999
NCI:C2920	ICD10CM:C44.3	0.09999999999999998	0.8	0.04999999999999999	0.04999999999999999
NCI:C2920	ICD10CM:C44.4	0.09999999999999998	0.8	0.04999999999999999	0.04999999999999999
NCI:C2920	ICD10CM:C44.5	0.09999999999999998	0.8	0.04999999999999999	0.04999999999999999
NCI:C2920	ICD10CM:C44.6	0.09999999999999998	0.8	0.04999999999999999	0.04999999999999999
NCI:C2920	ICD10CM:C44.7	0.09999999999999998	0.8	0.04999999999999999	0.04999999999999999
NCI:C2920	ICD10CM:C44	0.04999999999999999	0.04999999999999999	0.09999999999999998	0.8
NCI:C2920	ICD10CM:C44.300	0.04999999999999999	0.04999999999999999	0.09999999999999998	0.8
NCI:C2920	ICD10CM:C44.89	0.04999999999999999	0.04999999999999999	0.09999999999999998	0.8
NCI:C2920	ICD10CM:C44.9	0.04999999999999999	0.04999999999999999	0.09999999999999998	0.8
NCI:C2920	ICD10CM:C44.90	0.04999999999999999	0.04999999999999999	0.09999999999999998	0.8
NCI:C2920	ICD10CM:C44.99	0.04999999999999999	0.04999999999999999	0.09999999999999998	0.8
NCI:C2921	ICD10CM:C44.111	0.09999999999999998	0.8	0.04999999999999999	0.04999999999999999
NCI:C2921	ICD10CM:C44.112	0.09999999999999998	0.8	0.04999999999999999	0.04999999999999999
NCI:C2921	ICD10CM:C44.119	0.09999999999999998	0.8	0.04999999999999999	0.04999999999999999
NCI:C2921	ICD10CM:C44.310	0.09999999999999998	0.8	0.04999999999999999	0.04999999999999999
NCI:C2921	ICD10CM:C44.319	0.09999999999999998	0.8	0.04999999999999999	0.04999999999999999
NCI:C2921	ICD10CM:C44.519	0.09999999999999998	0.8	0.04999999999999999	0.04999999999999999
NCI:C2921	ICD10CM:C44.91	0.04999999999999999	0.04999999999999999	0.09999999999999998	0.8
NCI:C2924	ICD10CM:D05.10	0.04999999999999999	0.04999999999999999	0.09999999999999998	0.8
NCI:C2924	ICD10CM:D05.11	0.04999999999999999	0.04999999999999999	0.09999999999999998	0.8
NCI:C2924	ICD10CM:D05.12	0.04999999999999999	0.04999999999999999	0.09999999999999998	0.8
NCI:C2963	ICD10CM:D33.3	0.09999999999999998	0.8	0.04999999999999999	0.04999999999999999
NCI:C2964	ICD10CM:D44.4	0.04999999999999999	0.04999999999999999	0.09999999999999998	0.8
NCI:C2965	ICD10CM:K50.8	0.04999999999999999	0.04999999999999999	0.09999999999999998	0.8
NCI:C2980	ICD10CM:R13	0.04999999999999999	0.04999999999999999	0.8	0.09999999999999998
NCI:C29878	ICD10CM:Z80	0.04999999999999999	0.04999999999999999	0.8	0.09999999999999998
NCI:C2998	ICD10CM:R06.0	0.04999999999999999	0.04999999999999999	0.8	0.09999999999999998
NCI:C3039	ICD10CM:N60	0.04999999999999999	0.04999999999999999	0.8	0.09999999999999998
NCI:C3052	ICD10CM:D37.8	0.09999999999999998	0.8	0.04999999999999999	0.04999999999999999
NCI:C3052	ICD10CM:D37.9	0.09999999999999998	0.8	0.04999999999999999	0.04999999999999999
NCI:C3052	ICD10CM:D49.0	0.09999999999999998	0.8	0.04999999999999999	0.04999999999999999
NCI:C3085	ICD10CM:D18.00	0.04999999999999999	0.04999999999999999	0.09999999999999998	0.8
NCI:C3099	ICD10CM:C22.0	0.04999999999999999	0.04999999999999999	0.8	0.09999999999999998
NCI:C3139	ICD10CM:D43.1	0.09999999999999998	0.8	0.04999999999999999	0.04999999999999999
NCI:C3161	ICD10:C94.7	0.04999999999999999	0.04999999999999999	0.09999999999999998	0.8
NCI:C3161	ICD10CM:C94	0.04999999999999999	0.04999999999999999	0.09999999999999998	0.8
NCI:C3161	ICD10CM:C94.8	0.04999999999999999	0.04999999999999999	0.09999999999999998	0.8
NCI:C3161	ICD10CM:C94.80	0.04999999999999999	0.04999999999999999	0.09999999999999998	0.8
NCI:C3161	ICD10CM:C95	0.04999999999999999	0.04999999999999999	0.09999999999999998	0.8
NCI:C3161	ICD10CM:C95.9	0.04999999999999999	0.04999999999999999	0.09999999999999998	0.8
NCI:C3161	ICD10CM:C95.90	0.04999999999999999	0.04999999999999999	0.09999999999999998	0.8
NCI:C3163	ICD10CM:C91.1	0.04999999999999999	0.04999999999999999	0.8	0.09999999999999998
NCI:C3163	ICD10CM:C91.10	0.04999999999999999	0.04999999999999999	0.09999999999999998	0.8
NCI:C3167	ICD10CM:C91.0	0.04999999999999999	0.04999999999999999	0.8	0.09999999999999998
NCI:C3167	ICD10CM:C91.00	0.04999999999999999	0.04999999999999999	0.09999999999999998	0.8
NCI:C3170	ICD10CM:C94.2	0.04999999999999999	0.04999999999999999	0.8	0.09999999999999998
NCI:C3170	ICD10CM:C94.20	0.04999999999999999	0.04999999999999999	0.09999999999999998	0.8
NCI:C3171	ICD10CM:C92.0	0.04999999999999999	0.04999999999999999	0.8	0.09999999999999998
NCI:C3171	ICD10CM:C92.00	0.04999999999999999	0.04999999999999999	0.09999999999999998	0.8
NCI:C3172	ICD10CM:C92	0.04999999999999999	0.04999999999999999	0.8	0.09999999999999998
NCI:C3172	ICD10:C92.7	0.04999999999999999	0.04999999999999999	0.09999999999999998	0.8
NCI:C3172	ICD10CM:C92.9	0.04999999999999999	0.04999999999999999	0.09999999999999998	0.8
NCI:C3172	ICD10CM:C92.Z	0.04999999999999999	0.04999999999999999	0.09999999999999998	0.8
NCI:C3174	ICD10CM:C92.1	0.04999999999999999	0.04999999999999999	0.8	0.09999999999999998
NCI:C3174	ICD10CM:C92.10	0.04999999999999999	0.04999999999999999	0.09999999999999998	0.8
NCI:C3178	ICD10CM:C93.1	0.04999999999999999	0.04999999999999999	0.8	0.09999999999999998
NCI:C3178	ICD10CM:C93.10	0.04999999999999999	0.04999999999999999	0.09999999999999998	0.8
NCI:C3182	ICD10CM:C92.4	0.04999999999999999	0.04999999999999999	0.8	0.09999999999999998
NCI:C3196	ICD10CM:K76.9	0.04999999999999999	0.04999999999999999	0.09999999999999998	0.8
NCI:C3209	ICD10CM:C82	0.04999999999999999	0.04999999999999999	0.8	0.09999999999999998
NCI:C3209	ICD10CM:C82.80	0.04999999999999999	0.04999999999999999	0.09999999999999998	0.8
NCI:C3209	ICD10CM:C82.9	0.04999999999999999	0.04999999999999999	0.09999999999999998	0.8
NCI:C3209	ICD10CM:C82.90	0.04999999999999999	0.04999999999999999	0.09999999999999998	0.8
NCI:C3211	ICD10CM:C85	0.04999999999999999	0.04999999999999999	0.09999999999999998	0.8
NCI:C3211	ICD10CM:C85.8	0.04999999999999999	0.04999999999999999	0.09999999999999998	0.8
NCI:C3211	ICD10CM:C85.80	0.04999999999999999	0.04999999999999999	0.09999999999999998	0.8
NCI:C3211	ICD10CM:C85.81	0.04999999999999999	0.04999999999999999	0.09999999999999998	0.8
NCI:C3211	ICD10CM:C85.82	0.04999999999999999	0.04999999999999999	0.09999999999999998	0.8
NCI:C3211	ICD10CM:C85.83	0.04999999999999999	0.04999999999999999	0.09999999999999998	0.8
NCI:C3211	ICD10CM:C85.85	0.04999999999999999	0.04999999999999999	0.09999999999999998	0.8
NCI:C3211	ICD10CM:C85.88	0.04999999999999999	0.04999999999999999	0.09999999999999998	0.8
NCI:C3211	ICD10CM:C85.89	0.04999999999999999	0.04999999999999999	0.09999999999999998	0.8
NCI:C3211	ICD10CM:C85.9	0.04999999999999999	0.04999999999999999	0.09999999999999998	0.8
NCI:C3211	ICD10CM:C85.90	0.04999999999999999	0.04999999999999999	0.09999999999999998	0.8
NCI:C3211	ICD10CM:C85.91	0.04999999999999999	0.04999999999999999	0.09999999999999998	0.8
NCI:C3216	ICD10CM:C69.2	0.04999999999999999	0.04999999999999999	0.8	0.09999999999999998
NCI:C3216	ICD10CM:C69.20	0.09999999999999998	0.8	0.04999999999999999	0.04999999999999999
NCI:C3216	ICD10CM:C69.21	0.09999999999999998	0.8	0.04999999999999999	0.04999999999999999
NCI:C3216	ICD10CM:C69.22	0.09999999999999998	0.8	0.04999999999999999	0.04999999999999999
NCI:C3234	ICD10CM:C45	0.04999999999999999	0.04999999999999999	0.8	0.09999999999999998
NCI:C3234	ICD10CM:C45.7	0.04999999999999999	0.04999999999999999	0.09999999999999998	0.8
NCI:C3234	ICD10CM:C45.9	0.04999999999999999	0.04999999999999999	0.09999999999999998	0.8
NCI:C3242	ICD10CM:C90.0	0.04999999999999999	0.04999999999999999	0.8	0.09999999999999998
NCI:C3242	ICD10CM:C90.00	0.04999999999999999	0.04999999999999999	0.09999999999999998	0.8
NCI:C3246	ICD10CM:C84.0	0.04999999999999999	0.04999999999999999	0.8	0.09999999999999998
NCI:C3246	ICD10CM:C84.00	0.04999999999999999	0.04999999999999999	0.09999999999999998	0.8
NCI:C3247	ICD10CM:D46	0.04999999999999999	0.04999999999999999	0.8	0.09999999999999998
NCI:C3247	ICD10:D46.7	0.04999999999999999	0.04999999999999999	0.09999999999999998	0.8
NCI:C3247	ICD10CM:D46.9	0.04999999999999999	0.04999999999999999	0.09999999999999998	0.8
NCI:C3248	ICD10CM:D75.81	0.04999999999999999	0.04999999999999999	0.8	0.09999999999999998
NCI:C3292	ICD10CM:M88.9	0.04999999999999999	0.04999999999999999	0.09999999999999998	0.8
NCI:C3300	ICD10CM:N83.2	0.04999999999999999	0.04999999999999999	0.09999999999999998	0.8
NCI:C3303	ICD10CM:R52	0.09999999999999998	0.8	0.04999999999999999	0.04999999999999999
NCI:C3330	ICD10CM:D44.3	0.09999999999999998	0.8	0.04999999999999999	0.04999999999999999
NCI:C3332	ICD10CM:D38.2	0.09999999999999998	0.8	0.04999999999999999	0.04999999999999999
NCI:C3355	ICD10CM:D38.1	0.09999999999999998	0.8	0.04999999999999999	0.04999999999999999
NCI:C3355	ICD10CM:D49.1	0.09999999999999998	0.8	0.04999999999999999	0.04999999999999999
NCI:C3366	ICD10CM:C84.1	0.04999999999999999	0.04999999999999999	0.8	0.09999999999999998
NCI:C3366	ICD10CM:C84.10	0.04999999999999999	0.04999999999999999	0.09999999999999998	0.8
NCI:C3372	ICD10CM:D48.5	0.09999999999999998	0.8	0.04999999999999999	0.04999999999999999
NCI:C3376	ICD10CM:G47.9	0.04999999999999999	0.04999999999999999	0.09999999999999998	0.8
NCI:C3377	ICD10CM:D48.1	0.04999999999999999	0.04999999999999999	0.09999999999999998	0.8
NCI:C3395	ICD10CM:L55	0.04999999999999999	0.04999999999999999	0.8	0.09999999999999998
NCI:C3397	ICD10CM:D43.0	0.09999999999999998	0.8	0.04999999999999999	0.04999999999999999
NCI:C3407	ICD10CM:D47.3	0.04999999999999999	0.04999999999999999	0.8	0.09999999999999998
NCI:C3414	ICD10CM:D44.0	0.09999999999999998	0.8	0.04999999999999999	0.04999999999999999
NCI:C3430	ICD10CM:N28.89	0.04999999999999999	0.04999999999999999	0.09999999999999998	0.8
NCI:C34333	ICD10CM:R19.0	0.04999999999999999	0.04999999999999999	0.09999999999999998	0.8
NCI:C34340	ICD10:V99	0.04999999999999999	0.04999999999999999	0.09999999999999998	0.8
NCI:C34377	ICD10CM:D59	0.04999999999999999	0.04999999999999999	0.8	0.09999999999999998
NCI:C34383	ICD10CM:D57.1	0.09999999999999998	0.8	0.04999999999999999	0.04999999999999999
NCI:C3457	ICD10CM:C85.10	0.04999999999999999	0.04999999999999999	0.09999999999999998	0.8
NCI:C3457	ICD10CM:C85.16	0.04999999999999999	0.04999999999999999	0.09999999999999998	0.8
NCI:C3457	ICD10CM:C85.17	0.04999999999999999	0.04999999999999999	0.09999999999999998	0.8
NCI:C3457	ICD10CM:C85.18	0.04999999999999999	0.04999999999999999	0.09999999999999998	0.8
NCI:C3457	ICD10CM:C85.19	0.04999999999999999	0.04999999999999999	0.09999999999999998	0.8
NCI:C3460	ICD10CM:C82.2	0.04999999999999999	0.04999999999999999	0.09999999999999998	0.8
NCI:C3465	ICD10CM:C82.00	0.04999999999999999	0.04999999999999999	0.09999999999999998	0.8
NCI:C3467	ICD10CM:C84.A3	0.04999999999999999	0.04999999999999999	0.09999999999999998	0.8
NCI:C3468	ICD10CM:C84	0.04999999999999999	0.04999999999999999	0.8	0.09999999999999998
NCI:C3468	ICD10CM:C84.9	0.04999999999999999	0.04999999999999999	0.09999999999999998	0.8
NCI:C34782	ICD10CM:K70.30	0.09999999999999998	0.8	0.04999999999999999	0.04999999999999999
NCI:C34783	ICD10CM:K70	0.04999999999999999	0.04999999999999999	0.8	0.09999999999999998
NCI:C34792	ICD10CM:D76.1	0.04999999999999999	0.04999999999999999	0.8	0.09999999999999998
NCI:C34803	ICD10CM:C22.8	0.04999999999999999	0.04999999999999999	0.09999999999999998	0.8
NCI:C34803	ICD10CM:C22.9	0.04999999999999999	0.04999999999999999	0.09999999999999998	0.8
NCI:C34815	ICD10CM:N94.9	0.04999999999999999	0.04999999999999999	0.09999999999999998	0.8
NCI:C3483	ICD10CM:C95.10	0.04999999999999999	0.04999999999999999	0.09999999999999998	0.8
NCI:C34988	ICD10CM:J30	0.8	0.09999999999999998	0.04999999999999999	0.04999999999999999
NCI:C3510	ICD10CM:C43	0.04999999999999999	0.04999999999999999	0.8	0.09999999999999998
NCI:C3510	ICD10CM:C43.0	0.09999999999999998	0.8	0.04999999999999999	0.04999999999999999
NCI:C3510	ICD10CM:C43.30	0.09999999999999998	0.8	0.04999999999999999	0.04999999999999999
NCI:C3510	ICD10CM:C43.31	0.09999999999999998	0.8	0.04999999999999999	0.04999999999999999
NCI:C3510	ICD10CM:C43.39	0.09999999999999998	0.8	0.04999999999999999	0.04999999999999999
NCI:C3510	ICD10CM:C43.4	0.09999999999999998	0.8	0.04999999999999999	0.04999999999999999
NCI:C3510	ICD10CM:C43.5	0.09999999999999998	0.8	0.04999999999999999	0.04999999999999999
NCI:C3510	ICD10CM:C43.52	0.09999999999999998	0.8	0.04999999999999999	0.04999999999999999
NCI:C3510	ICD10CM:C43.59	0.09999999999999998	0.8	0.04999999999999999	0.04999999999999999
NCI:C3510	ICD10CM:C43.6	0.09999999999999998	0.8	0.04999999999999999	0.04999999999999999
NCI:C3510	ICD10CM:C43.60	0.09999999999999998	0.8	0.04999999999999999	0.04999999999999999
NCI:C3510	ICD10CM:C43.61	0.09999999999999998	0.8	0.04999999999999999	0.04999999999999999
NCI:C3510	ICD10CM:C43.70	0.09999999999999998	0.8	0.04999999999999999	0.04999999999999999
NCI:C3510	ICD10CM:C43.71	0.09999999999999998	0.8	0.04999999999999999	0.04999999999999999
NCI:C3510	ICD10CM:C43.72	0.09999999999999998	0.8	0.04999999999999999	0.04999999999999999
NCI:C3510	ICD10CM:C43.8	0.04999999999999999	0.04999999999999999	0.09999999999999998	0.8
NCI:C3510	ICD10CM:C43.9	0.04999999999999999	0.04999999999999999	0.09999999999999998	0.8
NCI:C35117	ICD10CM:K55	0.09999999999999998	0.8	0.04999999999999999	0.04999999999999999
NCI:C3517	ICD10CM:C81.2	0.04999999999999999	0.04999999999999999	0.8	0.09999999999999998
NCI:C3517	ICD10CM:C81.20	0.04999999999999999	0.04999999999999999	0.09999999999999998	0.8
NCI:C3517	ICD10CM:C81.21	0.04999999999999999	0.04999999999999999	0.09999999999999998	0.8
NCI:C3517	ICD10CM:C81.28	0.04999999999999999	0.04999999999999999	0.09999999999999998	0.8
NCI:C3517	ICD10CM:C81.29	0.04999999999999999	0.04999999999999999	0.09999999999999998	0.8
NCI:C35177	ICD10CM:C05.2	0.04999999999999999	0.04999999999999999	0.8	0.09999999999999998
NCI:C35178	ICD10CM:C41.1	0.04999999999999999	0.04999999999999999	0.8	0.09999999999999998
NCI:C3518	ICD10CM:C81.1	0.04999999999999999	0.04999999999999999	0.8	0.09999999999999998
NCI:C3518	ICD10CM:C81.10	0.04999999999999999	0.04999999999999999	0.09999999999999998	0.8
NCI:C3518	ICD10CM:C81.11	0.04999999999999999	0.04999999999999999	0.09999999999999998	0.8
NCI:C3518	ICD10CM:C81.12	0.04999999999999999	0.04999999999999999	0.09999999999999998	0.8
NCI:C3518	ICD10CM:C81.15	0.04999999999999999	0.04999999999999999	0.09999999999999998	0.8
NCI:C3518	ICD10CM:C81.18	0.04999999999999999	0.04999999999999999	0.09999999999999998	0.8
NCI:C35180	ICD10CM:D01	0.04999999999999999	0.04999999999999999	0.09999999999999998	0.8
NCI:C35180	ICD10CM:D01.40	0.04999999999999999	0.04999999999999999	0.09999999999999998	0.8
NCI:C3520	ICD10CM:C92.3	0.04999999999999999	0.04999999999999999	0.8	0.09999999999999998
NCI:C3520	ICD10CM:C92.30	0.04999999999999999	0.04999999999999999	0.09999999999999998	0.8
NCI:C35228	ICD10CM:P61.4	0.04999999999999999	0.04999999999999999	0.09999999999999998	0.8
NCI:C3524	ICD10CM:C01	0.04999999999999999	0.04999999999999999	0.8	0.09999999999999998
NCI:C3525	ICD10CM:C07	0.04999999999999999	0.04999999999999999	0.8	0.09999999999999998
NCI:C3526	ICD10CM:C08.0	0.04999999999999999	0.04999999999999999	0.8	0.09999999999999998
NCI:C3528	ICD10CM:C05.0	0.04999999999999999	0.04999999999999999	0.8	0.09999999999999998
NCI:C3529	ICD10CM:C05.1	0.04999999999999999	0.04999999999999999	0.8	0.09999999999999998
NCI:C3531	ICD10CM:C12	0.04999999999999999	0.04999999999999999	0.8	0.09999999999999998
NCI:C3533	ICD10CM:C15.3	0.04999999999999999	0.04999999999999999	0.8	0.09999999999999998
NCI:C3534	ICD10CM:C15.4	0.04999999999999999	0.04999999999999999	0.8	0.09999999999999998
NCI:C3535	ICD10CM:C15.5	0.04999999999999999	0.04999999999999999	0.8	0.09999999999999998
NCI:C3536	ICD10CM:C24.1	0.04999999999999999	0.04999999999999999	0.8	0.09999999999999998
NCI:C3537	ICD10CM:C48.0	0.04999999999999999	0.04999999999999999	0.8	0.09999999999999998
NCI:C3538	ICD10CM:C48.1	0.04999999999999999	0.04999999999999999	0.09999999999999998	0.8
NCI:C3538	ICD10CM:C48.2	0.04999999999999999	0.04999999999999999	0.09999999999999998	0.8
NCI:C3539	ICD10CM:C26.1	0.04999999999999999	0.04999999999999999	0.8	0.09999999999999998
NCI:C3540	ICD10CM:C31.0	0.04999999999999999	0.04999999999999999	0.8	0.09999999999999998
NCI:C3541	ICD10CM:C31.1	0.04999999999999999	0.04999999999999999	0.8	0.09999999999999998
NCI:C35417	ICD10CM:C22.1	0.04999999999999999	0.04999999999999999	0.8	0.09999999999999998
NCI:C3544	ICD10CM:C32.0	0.04999999999999999	0.04999999999999999	0.8	0.09999999999999998
NCI:C3545	ICD10CM:C32.1	0.04999999999999999	0.04999999999999999	0.8	0.09999999999999998
NCI:C3546	ICD10CM:C32.2	0.04999999999999999	0.04999999999999999	0.8	0.09999999999999998
NCI:C3547	ICD10CM:C38.4	0.04999999999999999	0.04999999999999999	0.8	0.09999999999999998
NCI:C35470	ICD10:Z64.2	0.04999999999999999	0.04999999999999999	0.09999999999999998	0.8
NCI:C3548	ICD10CM:C38.0	0.04999999999999999	0.04999999999999999	0.8	0.09999999999999998
NCI:C3549	ICD10CM:C38.1	0.09999999999999998	0.8	0.04999999999999999	0.04999999999999999
NCI:C3549	ICD10CM:C38.2	0.09999999999999998	0.8	0.04999999999999999	0.04999999999999999
NCI:C3549	ICD10CM:C38.3	0.04999999999999999	0.04999999999999999	0.09999999999999998	0.8
NCI:C3552	ICD10CM:C55	0.04999999999999999	0.04999999999999999	0.09999999999999998	0.8
NCI:C3553	ICD10CM:C53.0	0.04999999999999999	0.04999999999999999	0.8	0.09999999999999998
NCI:C3554	ICD10CM:C53.1	0.04999999999999999	0.04999999999999999	0.8	0.09999999999999998
NCI:C3555	ICD10CM:C58	0.04999999999999999	0.04999999999999999	0.8	0.09999999999999998
NCI:C3556	ICD10CM:C54	0.04999999999999999	0.04999999999999999	0.8	0.09999999999999998
NCI:C3556	ICD10CM:C54.9	0.04999999999999999	0.04999999999999999	0.09999999999999998	0.8
NCI:C3557	ICD10CM:C51.2	0.04999999999999999	0.04999999999999999	0.8	0.09999999999999998
NCI:C3559	ICD10CM:C63.10	0.09999999999999998	0.8	0.04999999999999999	0.04999999999999999
NCI:C3562	ICD10CM:C69.6	0.04999999999999999	0.04999999999999999	0.8	0.09999999999999998
NCI:C3562	ICD10CM:C69.60	0.09999999999999998	0.8	0.04999999999999999	0.04999999999999999
NCI:C3562	ICD10CM:C69.61	0.09999999999999998	0.8	0.04999999999999999	0.04999999999999999
NCI:C3562	ICD10CM:C69.62	0.09999999999999998	0.8	0.04999999999999999	0.04999999999999999
NCI:C35641	ICD10CM:K43.3	0.09999999999999998	0.8	0.04999999999999999	0.04999999999999999
NCI:C3566	ICD10CM:C69.30	0.09999999999999998	0.8	0.04999999999999999	0.04999999999999999
NCI:C3568	ICD10CM:C71	0.04999999999999999	0.04999999999999999	0.8	0.09999999999999998
NCI:C3568	ICD10CM:C71.5	0.09999999999999998	0.8	0.04999999999999999	0.04999999999999999
NCI:C3568	ICD10CM:C71.8	0.04999999999999999	0.04999999999999999	0.09999999999999998	0.8
NCI:C3568	ICD10CM:C71.9	0.04999999999999999	0.04999999999999999	0.09999999999999998	0.8
NCI:C3569	ICD10CM:C71.6	0.04999999999999999	0.04999999999999999	0.8	0.09999999999999998
NCI:C3570	ICD10CM:C71.7	0.04999999999999999	0.04999999999999999	0.8	0.09999999999999998
NCI:C3571	ICD10CM:C72.3	0.09999999999999998	0.8	0.04999999999999999	0.04999999999999999
NCI:C3571	ICD10CM:C72.30	0.09999999999999998	0.8	0.04999999999999999	0.04999999999999999
NCI:C3571	ICD10CM:C72.32	0.09999999999999998	0.8	0.04999999999999999	0.04999999999999999
NCI:C3571	ICD10CM:C72.59	0.09999999999999998	0.8	0.04999999999999999	0.04999999999999999
NCI:C3572	ICD10CM:C72.0	0.04999999999999999	0.04999999999999999	0.8	0.09999999999999998
NCI:C3573	ICD10CM:C75.3	0.04999999999999999	0.04999999999999999	0.8	0.09999999999999998
NCI:C3575	ICD10CM:C75	0.04999999999999999	0.04999999999999999	0.09999999999999998	0.8
NCI:C3576	ICD10CM:C76.1	0.04999999999999999	0.04999999999999999	0.8	0.09999999999999998
NCI:C3576	ICD10CM:C38	0.04999999999999999	0.04999999999999999	0.09999999999999998	0.8
NCI:C3577	ICD10CM:C78.0	0.04999999999999999	0.04999999999999999	0.09999999999999998	0.8
NCI:C3577	ICD10CM:C78.00	0.04999999999999999	0.04999999999999999	0.09999999999999998	0.8
NCI:C3577	ICD10CM:C78.01	0.04999999999999999	0.04999999999999999	0.09999999999999998	0.8
NCI:C3577	ICD10CM:C78.02	0.04999999999999999	0.04999999999999999	0.09999999999999998	0.8
NCI:C3578	ICD10CM:C78.1	0.04999999999999999	0.04999999999999999	0.09999999999999998	0.8
NCI:C3580	ICD10CM:C79.51	0.04999999999999999	0.04999999999999999	0.09999999999999998	0.8
NCI:C3586	ICD10CM:C91.01	0.04999999999999999	0.04999999999999999	0.8	0.09999999999999998
NCI:C3587	ICD10CM:C91.11	0.04999999999999999	0.04999999999999999	0.8	0.09999999999999998
NCI:C3588	ICD10CM:C92.01	0.04999999999999999	0.04999999999999999	0.8	0.09999999999999998
NCI:C3620	ICD10CM:D31.60	0.04999999999999999	0.04999999999999999	0.09999999999999998	0.8
NCI:C36263	ICD10CM:C79	0.04999999999999999	0.04999999999999999	0.09999999999999998	0.8
NCI:C36263	ICD10CM:C79.8	0.04999999999999999	0.04999999999999999	0.09999999999999998	0.8
NCI:C3629	ICD10CM:D35.00	0.09999999999999998	0.8	0.04999999999999999	0.04999999999999999
NCI:C3629	ICD10CM:D35.02	0.09999999999999998	0.8	0.04999999999999999	0.04999999999999999
NCI:C3638	ICD10CM:D01.0	0.8	0.09999999999999998	0.04999999999999999	0.04999999999999999
NCI:C3641	ICD10CM:D05	0.8	0.09999999999999998	0.04999999999999999	0.04999999999999999
NCI:C3641	ICD10CM:D05.8	0.04999999999999999	0.04999999999999999	0.09999999999999998	0.8
NCI:C3641	ICD10CM:D05.9	0.04999999999999999	0.04999999999999999	0.09999999999999998	0.8
NCI:C3642	ICD10CM:D07.5	0.04999999999999999	0.04999999999999999	0.09999999999999998	0.8
NCI:C3677	ICD10CM:D36.7	0.04999999999999999	0.04999999999999999	0.09999999999999998	0.8
NCI:C36987	ICD10:R72	0.04999999999999999	0.04999999999999999	0.09999999999999998	0.8
NCI:C37193	ICD10CM:C84.60	0.04999999999999999	0.04999999999999999	0.09999999999999998	0.8
NCI:C37193	ICD10CM:C84.61	0.04999999999999999	0.04999999999999999	0.09999999999999998	0.8
NCI:C37193	ICD10CM:C84.64	0.04999999999999999	0.04999999999999999	0.09999999999999998	0.8
NCI:C37193	ICD10CM:C84.68	0.04999999999999999	0.04999999999999999	0.09999999999999998	0.8
NCI:C37193	ICD10CM:C84.69	0.04999999999999999	0.04999999999999999	0.09999999999999998	0.8
NCI:C37194	ICD10CM:C84.7	0.04999999999999999	0.04999999999999999	0.8	0.09999999999999998
NCI:C37194	ICD10CM:C84.72	0.04999999999999999	0.04999999999999999	0.09999999999999998	0.8
NCI:C3728	ICD10CM:C22.2	0.04999999999999999	0.04999999999999999	0.8	0.09999999999999998
NCI:C3770	ICD10CM:C25.4	0.8	0.09999999999999998	0.04999999999999999	0.04999999999999999
NCI:C3773	ICD10CM:C7A	0.8	0.09999999999999998	0.04999999999999999	0.04999999999999999
NCI:C3773	ICD10CM:C7A.1	0.04999999999999999	0.04999999999999999	0.09999999999999998	0.8
NCI:C3773	ICD10CM:C7A.8	0.04999999999999999	0.04999999999999999	0.09999999999999998	0.8
NCI:C3813	ICD10CM:C79.31	0.04999999999999999	0.04999999999999999	0.09999999999999998	0.8
NCI:C4013	ICD10CM:C30	0.09999999999999998	0.8	0.04999999999999999	0.04999999999999999
NCI:C4013	ICD10CM:C76.0	0.04999999999999999	0.04999999999999999	0.09999999999999998	0.8
NCI:C4015	ICD10CM:C79.3	0.04999999999999999	0.04999999999999999	0.09999999999999998	0.8
NCI:C4016	ICD10CM:C40.0	0.09999999999999998	0.8	0.04999999999999999	0.04999999999999999
NCI:C4016	ICD10CM:C40.00	0.09999999999999998	0.8	0.04999999999999999	0.04999999999999999
NCI:C4016	ICD10CM:C40.01	0.09999999999999998	0.8	0.04999999999999999	0.04999999999999999
NCI:C4016	ICD10CM:C40.02	0.09999999999999998	0.8	0.04999999999999999	0.04999999999999999
NCI:C4016	ICD10CM:C40.1	0.09999999999999998	0.8	0.04999999999999999	0.04999999999999999
NCI:C4016	ICD10CM:C40.10	0.09999999999999998	0.8	0.04999999999999999	0.04999999999999999
NCI:C4016	ICD10CM:C40.2	0.09999999999999998	0.8	0.04999999999999999	0.04999999999999999
NCI:C4016	ICD10CM:C40.20	0.09999999999999998	0.8	0.04999999999999999	0.04999999999999999
NCI:C4016	ICD10CM:C40.21	0.09999999999999998	0.8	0.04999999999999999	0.04999999999999999
NCI:C4016	ICD10CM:C40.22	0.09999999999999998	0.8	0.04999999999999999	0.04999999999999999
NCI:C4016	ICD10CM:C40.3	0.09999999999999998	0.8	0.04999999999999999	0.04999999999999999
NCI:C4016	ICD10CM:C41.0	0.09999999999999998	0.8	0.04999999999999999	0.04999999999999999
NCI:C4016	ICD10CM:C41.2	0.09999999999999998	0.8	0.04999999999999999	0.04999999999999999
NCI:C4016	ICD10CM:C41.4	0.09999999999999998	0.8	0.04999999999999999	0.04999999999999999
NCI:C4016	ICD10CM:C40	0.04999999999999999	0.04999999999999999	0.09999999999999998	0.8
NCI:C4016	ICD10CM:C40.90	0.04999999999999999	0.04999999999999999	0.09999999999999998	0.8
NCI:C4016	ICD10CM:C40.91	0.04999999999999999	0.04999999999999999	0.09999999999999998	0.8
NCI:C4016	ICD10CM:C41	0.04999999999999999	0.04999999999999999	0.09999999999999998	0.8
NCI:C4016	ICD10CM:C41.9	0.04999999999999999	0.04999999999999999	0.09999999999999998	0.8
NCI:C40241	ICD10CM:N88.8	0.04999999999999999	0.04999999999999999	0.09999999999999998	0.8
NCI:C4038	ICD10CM:D3A.090	0.04999999999999999	0.04999999999999999	0.09999999999999998	0.8
NCI:C4042	ICD10CM:C44.02	0.04999999999999999	0.04999999999999999	0.8	0.09999999999999998
NCI:C4138	ICD10CM:C7A.020	0.04999999999999999	0.04999999999999999	0.09999999999999998	0.8
NCI:C4337	ICD10CM:C83.1	0.04999999999999999	0.04999999999999999	0.8	0.09999999999999998
NCI:C4337	ICD10CM:C83.10	0.04999999999999999	0.04999999999999999	0.09999999999999998	0.8
NCI:C4337	ICD10CM:C83.18	0.04999999999999999	0.04999999999999999	0.09999999999999998	0.8
NCI:C4337	ICD10CM:C83.19	0.04999999999999999	0.04999999999999999	0.09999999999999998	0.8
NCI:C4340	ICD10CM:C84.4	0.04999999999999999	0.04999999999999999	0.09999999999999998	0.8
NCI:C4340	ICD10CM:C84.40	0.04999999999999999	0.04999999999999999	0.09999999999999998	0.8
NCI:C4340	ICD10CM:C84.49	0.04999999999999999	0.04999999999999999	0.09999999999999998	0.8
NCI:C4345	ICD10CM:D47.1	0.04999999999999999	0.04999999999999999	0.8	0.09999999999999998
NCI:C4358	ICD10CM:C43.1	0.04999999999999999	0.04999999999999999	0.09999999999999998	0.8
NCI:C4358	ICD10CM:C43.12	0.04999999999999999	0.04999999999999999	0.09999999999999998	0.8
NCI:C4396	ICD10CM:C74.11	0.09999999999999998	0.8	0.04999999999999999	0.04999999999999999
NCI:C4437	ICD10CM:C22.4	0.04999999999999999	0.04999999999999999	0.09999999999999998	0.8
NCI:C4438	ICD10CM:C22.3	0.04999999999999999	0.04999999999999999	0.8	0.09999999999999998
NCI:C4447	ICD10CM:D20.0	0.04999999999999999	0.04999999999999999	0.8	0.09999999999999998
NCI:C4458	ICD10CM:D15.0	0.04999999999999999	0.04999999999999999	0.8	0.09999999999999998
NCI:C4502	ICD10CM:D17.9	0.04999999999999999	0.04999999999999999	0.09999999999999998	0.8
NCI:C45551	ICD10CM:C7A.090	0.04999999999999999	0.04999999999999999	0.09999999999999998	0.8
NCI:C4571	ICD10CM:C34	0.09999999999999998	0.8	0.04999999999999999	0.04999999999999999
NCI:C4571	ICD10CM:C34.0	0.09999999999999998	0.8	0.04999999999999999	0.04999999999999999
NCI:C4571	ICD10CM:C34.00	0.09999999999999998	0.8	0.04999999999999999	0.04999999999999999
NCI:C4571	ICD10CM:C34.01	0.09999999999999998	0.8	0.04999999999999999	0.04999999999999999
NCI:C4571	ICD10CM:C34.02	0.09999999999999998	0.8	0.04999999999999999	0.04999999999999999
NCI:C4571	ICD10CM:C34.1	0.09999999999999998	0.8	0.04999999999999999	0.04999999999999999
NCI:C4571	ICD10CM:C34.10	0.09999999999999998	0.8	0.04999999999999999	0.04999999999999999
NCI:C4571	ICD10CM:C34.11	0.09999999999999998	0.8	0.04999999999999999	0.04999999999999999
NCI:C4571	ICD10CM:C34.12	0.09999999999999998	0.8	0.04999999999999999	0.04999999999999999
NCI:C4571	ICD10CM:C34.2	0.09999999999999998	0.8	0.04999999999999999	0.04999999999999999
NCI:C4571	ICD10CM:C34.3	0.09999999999999998	0.8	0.04999999999999999	0.04999999999999999
NCI:C4571	ICD10CM:C34.30	0.09999999999999998	0.8	0.04999999999999999	0.04999999999999999
NCI:C4571	ICD10CM:C34.31	0.09999999999999998	0.8	0.04999999999999999	0.04999999999999999
NCI:C4571	ICD10CM:C34.32	0.09999999999999998	0.8	0.04999999999999999	0.04999999999999999
NCI:C4571	ICD10CM:C34.9	0.09999999999999998	0.8	0.04999999999999999	0.04999999999999999
NCI:C4571	ICD10CM:C34.90	0.09999999999999998	0.8	0.04999999999999999	0.04999999999999999
NCI:C4571	ICD10CM:C34.91	0.09999999999999998	0.8	0.04999999999999999	0.04999999999999999
NCI:C4571	ICD10CM:C34.92	0.09999999999999998	0.8	0.04999999999999999	0.04999999999999999
NCI:C4571	ICD10CM:C39.0	0.09999999999999998	0.8	0.04999999999999999	0.04999999999999999
NCI:C4571	ICD10CM:C34.8	0.04999999999999999	0.04999999999999999	0.09999999999999998	0.8
NCI:C4571	ICD10CM:C34.80	0.04999999999999999	0.04999999999999999	0.09999999999999998	0.8
NCI:C4571	ICD10CM:C34.81	0.04999999999999999	0.04999999999999999	0.09999999999999998	0.8
NCI:C4577	ICD10CM:C71.1	0.09999999999999998	0.8	0.04999999999999999	0.04999999999999999
NCI:C4577	ICD10CM:C71.2	0.09999999999999998	0.8	0.04999999999999999	0.04999999999999999
NCI:C4577	ICD10CM:C71.3	0.09999999999999998	0.8	0.04999999999999999	0.04999999999999999
NCI:C4577	ICD10CM:C71.4	0.09999999999999998	0.8	0.04999999999999999	0.04999999999999999
NCI:C4577	ICD10CM:C71.0	0.04999999999999999	0.04999999999999999	0.09999999999999998	0.8
NCI:C4587	ICD10CM:D00.05	0.04999999999999999	0.04999999999999999	0.09999999999999998	0.8
NCI:C4627	ICD10CM:C72	0.04999999999999999	0.04999999999999999	0.09999999999999998	0.8
NCI:C4627	ICD10CM:C72.9	0.04999999999999999	0.04999999999999999	0.09999999999999998	0.8
NCI:C4628	ICD10CM:C70.0	0.09999999999999998	0.8	0.04999999999999999	0.04999999999999999
NCI:C4628	ICD10CM:C70.9	0.04999999999999999	0.04999999999999999	0.09999999999999998	0.8
NCI:C4635	ICD10CM:C7A.092	0.04999999999999999	0.04999999999999999	0.09999999999999998	0.8
NCI:C4638	ICD10CM:C7A.019	0.04999999999999999	0.04999999999999999	0.09999999999999998	0.8
NCI:C4665	ICD10CM:C90	0.04999999999999999	0.04999999999999999	0.09999999999999998	0.8
NCI:C4758	ICD10CM:C78.7	0.04999999999999999	0.04999999999999999	0.09999999999999998	0.8
NCI:C4762	ICD10CM:C08.9	0.04999999999999999	0.04999999999999999	0.09999999999999998	0.8
NCI:C4763	ICD10:C15.0	0.04999999999999999	0.04999999999999999	0.8	0.09999999999999998
NCI:C4765	ICD10CM:C30.1	0.04999999999999999	0.04999999999999999	0.8	0.09999999999999998
NCI:C4767	ICD10CM:C69	0.8	0.09999999999999998	0.04999999999999999	0.04999999999999999
NCI:C4769	ICD10CM:C75.1	0.04999999999999999	0.04999999999999999	0.8	0.09999999999999998
NCI:C4782	ICD10CM:D35.2	0.04999999999999999	0.04999999999999999	0.8	0.09999999999999998
NCI:C4819	ICD10CM:C44.320	0.09999999999999998	0.8	0.04999999999999999	0.04999999999999999
NCI:C4819	ICD10CM:C44.329	0.09999999999999998	0.8	0.04999999999999999	0.04999999999999999
NCI:C4819	ICD10CM:C44.42	0.09999999999999998	0.8	0.04999999999999999	0.04999999999999999
NCI:C4819	ICD10CM:C44.82	0.09999999999999998	0.8	0.04999999999999999	0.04999999999999999
NCI:C4819	ICD10CM:C44.92	0.04999999999999999	0.04999999999999999	0.09999999999999998	0.8
NCI:C4836	ICD10CM:C10.1	0.09999999999999998	0.8	0.04999999999999999	0.04999999999999999
NCI:C4861	ICD10CM:C93	0.04999999999999999	0.04999999999999999	0.8	0.09999999999999998
NCI:C4861	ICD10CM:C93.9	0.04999999999999999	0.04999999999999999	0.09999999999999998	0.8
NCI:C4861	ICD10CM:C93.Z0	0.04999999999999999	0.04999999999999999	0.09999999999999998	0.8
NCI:C4867	ICD10CM:C49	0.8	0.09999999999999998	0.04999999999999999	0.04999999999999999
NCI:C4867	ICD10CM:C49.0	0.04999999999999999	0.04999999999999999	0.09999999999999998	0.8
NCI:C4867	ICD10CM:C49.1	0.04999999999999999	0.04999999999999999	0.09999999999999998	0.8
NCI:C4867	ICD10CM:C49.10	0.04999999999999999	0.04999999999999999	0.09999999999999998	0.8
NCI:C4867	ICD10CM:C49.11	0.04999999999999999	0.04999999999999999	0.09999999999999998	0.8
NCI:C4867	ICD10CM:C49.12	0.04999999999999999	0.04999999999999999	0.09999999999999998	0.8
NCI:C4867	ICD10CM:C49.2	0.04999999999999999	0.04999999999999999	0.09999999999999998	0.8
NCI:C4867	ICD10CM:C49.20	0.04999999999999999	0.04999999999999999	0.09999999999999998	0.8
NCI:C4867	ICD10CM:C49.21	0.04999999999999999	0.04999999999999999	0.09999999999999998	0.8
NCI:C4867	ICD10CM:C49.22	0.04999999999999999	0.04999999999999999	0.09999999999999998	0.8
NCI:C4867	ICD10CM:C49.3	0.04999999999999999	0.04999999999999999	0.09999999999999998	0.8
NCI:C4867	ICD10CM:C49.4	0.04999999999999999	0.04999999999999999	0.09999999999999998	0.8
NCI:C4867	ICD10CM:C49.5	0.04999999999999999	0.04999999999999999	0.09999999999999998	0.8
NCI:C4867	ICD10CM:C49.6	0.04999999999999999	0.04999999999999999	0.09999999999999998	0.8
NCI:C4867	ICD10CM:C49.8	0.04999999999999999	0.04999999999999999	0.09999999999999998	0.8
NCI:C4867	ICD10CM:C49.9	0.04999999999999999	0.04999999999999999	0.09999999999999998	0.8
NCI:C4880	ICD10CM:D16.21	0.09999999999999998	0.8	0.04999999999999999	0.04999999999999999
NCI:C4880	ICD10CM:D16.9	0.04999999999999999	0.04999999999999999	0.09999999999999998	0.8
NCI:C4890	ICD10CM:C21.8	0.04999999999999999	0.04999999999999999	0.09999999999999998	0.8
NCI:C4890	ICD10CM:C26.9	0.04999999999999999	0.04999999999999999	0.09999999999999998	0.8
NCI:C4897	ICD10CM:C95.01	0.04999999999999999	0.04999999999999999	0.09999999999999998	0.8
NCI:C4899	ICD10CM:C92.Z1	0.04999999999999999	0.04999999999999999	0.09999999999999998	0.8
NCI:C4901	ICD10CM:C91.61	0.09999999999999998	0.8	0.04999999999999999	0.04999999999999999
NCI:C4904	ICD10CM:C77	0.04999999999999999	0.04999999999999999	0.09999999999999998	0.8
NCI:C4904	ICD10CM:C77.0	0.04999999999999999	0.04999999999999999	0.09999999999999998	0.8
NCI:C4904	ICD10CM:C77.1	0.04999999999999999	0.04999999999999999	0.09999999999999998	0.8
NCI:C4904	ICD10CM:C77.2	0.04999999999999999	0.04999999999999999	0.09999999999999998	0.8
NCI:C4904	ICD10CM:C77.9	0.04999999999999999	0.04999999999999999	0.09999999999999998	0.8
NCI:C4913	ICD10CM:C57	0.04999999999999999	0.04999999999999999	0.09999999999999998	0.8
NCI:C4913	ICD10CM:C57.4	0.04999999999999999	0.04999999999999999	0.09999999999999998	0.8
NCI:C4913	ICD10CM:C57.7	0.04999999999999999	0.04999999999999999	0.09999999999999998	0.8
NCI:C4913	ICD10CM:C57.9	0.04999999999999999	0.04999999999999999	0.09999999999999998	0.8
NCI:C4918	ICD10CM:C30.0	0.04999999999999999	0.04999999999999999	0.8	0.09999999999999998
NCI:C4934	ICD10CM:D28.7	0.04999999999999999	0.04999999999999999	0.09999999999999998	0.8
NCI:C4942	ICD10CM:D00.08	0.04999999999999999	0.04999999999999999	0.8	0.09999999999999998
NCI:C4957	ICD10CM:D32.0	0.09999999999999998	0.8	0.04999999999999999	0.04999999999999999
NCI:C4957	ICD10CM:D32.9	0.04999999999999999	0.04999999999999999	0.09999999999999998	0.8
NCI:C4961	ICD10CM:C47.0	0.09999999999999998	0.8	0.04999999999999999	0.04999999999999999
NCI:C4961	ICD10CM:C47	0.04999999999999999	0.04999999999999999	0.09999999999999998	0.8
NCI:C4961	ICD10CM:C47.8	0.04999999999999999	0.04999999999999999	0.09999999999999998	0.8
NCI:C4962	ICD10CM:C37	0.04999999999999999	0.04999999999999999	0.8	0.09999999999999998
NCI:C4963	ICD10CM:D33.0	0.04999999999999999	0.04999999999999999	0.8	0.09999999999999998
NCI:C49651	ICD10CM:Y99.2	0.04999999999999999	0.04999999999999999	0.09999999999999998	0.8
NCI:C49651	ICD10CM:Z76.3	0.04999999999999999	0.04999999999999999	0.09999999999999998	0.8
NCI:C4968	ICD10CM:C79.9	0.09999999999999998	0.8	0.04999999999999999	0.04999999999999999
NCI:C4980	ICD10CM:D89.810	0.04999999999999999	0.04999999999999999	0.8	0.09999999999999998
NCI:C4984	ICD10CM:D39.1	0.09999999999999998	0.8	0.04999999999999999	0.04999999999999999
NCI:C5035	ICD10CM:N99	0.04999999999999999	0.04999999999999999	0.09999999999999998	0.8
NCI:C50764	ICD10CM:R59	0.04999999999999999	0.04999999999999999	0.8	0.09999999999999998
NCI:C51221	ICD10CM:I20	0.04999999999999999	0.04999999999999999	0.8	0.09999999999999998
NCI:C5213	ICD10CM:C50.0	0.8	0.09999999999999998	0.04999999999999999	0.04999999999999999
NCI:C53649	ICD10CM:B25	0.04999999999999999	0.04999999999999999	0.8	0.09999999999999998
NCI:C53649	ICD10CM:B25.9	0.04999999999999999	0.04999999999999999	0.09999999999999998	0.8
NCI:C54203	ICD10CM:F17.2	0.04999999999999999	0.04999999999999999	0.09999999999999998	0.8
NCI:C5547	ICD10CM:C7A.026	0.04999999999999999	0.04999999999999999	0.09999999999999998	0.8
NCI:C55818	ICD10CM:R91.1	0.04999999999999999	0.04999999999999999	0.8	0.09999999999999998
NCI:C5783	ICD10CM:C7B.02	0.04999999999999999	0.04999999999999999	0.09999999999999998	0.8
NCI:C6061	ICD10CM:C02.3	0.04999999999999999	0.04999999999999999	0.09999999999999998	0.8
NCI:C61230	ICD10CM:D61.3	0.04999999999999999	0.04999999999999999	0.8	0.09999999999999998
NCI:C6427	ICD10CM:C7A.022	0.04999999999999999	0.04999999999999999	0.09999999999999998	0.8
NCI:C6428	ICD10CM:C7A.025	0.04999999999999999	0.04999999999999999	0.09999999999999998	0.8
NCI:C6431	ICD10CM:C7B.00	0.04999999999999999	0.04999999999999999	0.09999999999999998	0.8
NCI:C65157	ICD10CM:D48	0.04999999999999999	0.04999999999999999	0.09999999999999998	0.8
NCI:C65157	ICD10CM:D49.89	0.04999999999999999	0.04999999999999999	0.09999999999999998	0.8
NCI:C65157	ICD10CM:D49.9	0.04999999999999999	0.04999999999999999	0.09999999999999998	0.8
NCI:C6724	ICD10CM:C41.3	0.04999999999999999	0.04999999999999999	0.09999999999999998	0.8
NCI:C6727	ICD10CM:Q85.0	0.09999999999999998	0.8	0.04999999999999999	0.04999999999999999
NCI:C6867	ICD10CM:D46.C	0.04999999999999999	0.04999999999999999	0.8	0.09999999999999998
NCI:C6913	ICD10CM:C81.40	0.04999999999999999	0.04999999999999999	0.09999999999999998	0.8
NCI:C6913	ICD10CM:C81.41	0.04999999999999999	0.04999999999999999	0.09999999999999998	0.8
NCI:C6913	ICD10CM:C81.48	0.04999999999999999	0.04999999999999999	0.09999999999999998	0.8
NCI:C6920	ICD10CM:C96.5	0.04999999999999999	0.04999999999999999	0.8	0.09999999999999998
NCI:C7164	ICD10CM:C81.70	0.04999999999999999	0.04999999999999999	0.09999999999999998	0.8
NCI:C7164	ICD10CM:C81.71	0.04999999999999999	0.04999999999999999	0.09999999999999998	0.8
NCI:C7164	ICD10CM:C81.78	0.04999999999999999	0.04999999999999999	0.09999999999999998	0.8
NCI:C7168	ICD10CM:D46.22	0.04999999999999999	0.04999999999999999	0.8	0.09999999999999998
NCI:C7190	ICD10CM:C13.1	0.09999999999999998	0.8	0.04999999999999999	0.04999999999999999
NCI:C7190	ICD10CM:C13.2	0.09999999999999998	0.8	0.04999999999999999	0.04999999999999999
NCI:C7190	ICD10CM:C13.8	0.04999999999999999	0.04999999999999999	0.09999999999999998	0.8
NCI:C7190	ICD10CM:C13.9	0.04999999999999999	0.04999999999999999	0.09999999999999998	0.8
NCI:C7191	ICD10CM:C82.30	0.04999999999999999	0.04999999999999999	0.09999999999999998	0.8
NCI:C7191	ICD10CM:C82.38	0.04999999999999999	0.04999999999999999	0.09999999999999998	0.8
NCI:C72074	ICD10CM:C7A.00	0.04999999999999999	0.04999999999999999	0.09999999999999998	0.8
NCI:C7251	ICD10CM:C62	0.04999999999999999	0.04999999999999999	0.8	0.09999999999999998
NCI:C7251	ICD10CM:C62.00	0.09999999999999998	0.8	0.04999999999999999	0.04999999999999999
NCI:C7251	ICD10CM:C62.9	0.09999999999999998	0.8	0.04999999999999999	0.04999999999999999
NCI:C7251	ICD10CM:C62.90	0.09999999999999998	0.8	0.04999999999999999	0.04999999999999999
NCI:C7251	ICD10CM:C62.91	0.09999999999999998	0.8	0.04999999999999999	0.04999999999999999
NCI:C7251	ICD10CM:C62.92	0.09999999999999998	0.8	0.04999999999999999	0.04999999999999999
NCI:C7258	ICD10CM:C81.0	0.04999999999999999	0.04999999999999999	0.8	0.09999999999999998
NCI:C7258	ICD10CM:C81.00	0.04999999999999999	0.04999999999999999	0.09999999999999998	0.8
NCI:C7258	ICD10CM:C81.01	0.04999999999999999	0.04999999999999999	0.09999999999999998	0.8
NCI:C7258	ICD10CM:C81.04	0.04999999999999999	0.04999999999999999	0.09999999999999998	0.8
NCI:C7258	ICD10CM:C81.05	0.04999999999999999	0.04999999999999999	0.09999999999999998	0.8
NCI:C7258	ICD10CM:C81.08	0.04999999999999999	0.04999999999999999	0.09999999999999998	0.8
NCI:C7318	ICD10CM:C93.0	0.04999999999999999	0.04999999999999999	0.8	0.09999999999999998
NCI:C7318	ICD10CM:C93.00	0.04999999999999999	0.04999999999999999	0.09999999999999998	0.8
NCI:C7378	ICD10CM:C61	0.04999999999999999	0.04999999999999999	0.8	0.09999999999999998
NCI:C7379	ICD10CM:C21.1	0.09999999999999998	0.8	0.04999999999999999	0.04999999999999999
NCI:C7379	ICD10CM:C21	0.04999999999999999	0.04999999999999999	0.09999999999999998	0.8
NCI:C7379	ICD10CM:C21.0	0.04999999999999999	0.04999999999999999	0.09999999999999998	0.8
NCI:C7398	ICD10CM:C10	0.04999999999999999	0.04999999999999999	0.8	0.09999999999999998
NCI:C7398	ICD10CM:C09.0	0.09999999999999998	0.8	0.04999999999999999	0.04999999999999999
NCI:C7398	ICD10CM:C09.1	0.09999999999999998	0.8	0.04999999999999999	0.04999999999999999
NCI:C7398	ICD10CM:C10.2	0.09999999999999998	0.8	0.04999999999999999	0.04999999999999999
NCI:C7398	ICD10CM:C10.3	0.09999999999999998	0.8	0.04999999999999999	0.04999999999999999
NCI:C7398	ICD10CM:C10.8	0.04999999999999999	0.04999999999999999	0.09999999999999998	0.8
NCI:C7398	ICD10CM:C10.9	0.04999999999999999	0.04999999999999999	0.09999999999999998	0.8
NCI:C7398	ICD10CM:C14.8	0.04999999999999999	0.04999999999999999	0.09999999999999998	0.8
NCI:C7400	ICD10CM:C91.A0	0.04999999999999999	0.04999999999999999	0.09999999999999998	0.8
NCI:C7404	ICD10CM:C09	0.04999999999999999	0.04999999999999999	0.8	0.09999999999999998
NCI:C7404	ICD10CM:C02.4	0.09999999999999998	0.8	0.04999999999999999	0.04999999999999999
NCI:C7404	ICD10CM:C09.8	0.04999999999999999	0.04999999999999999	0.09999999999999998	0.8
NCI:C7404	ICD10CM:C09.9	0.04999999999999999	0.04999999999999999	0.09999999999999998	0.8
NCI:C7410	ICD10CM:C52	0.04999999999999999	0.04999999999999999	0.8	0.09999999999999998
NCI:C7418	ICD10CM:C20	0.04999999999999999	0.04999999999999999	0.8	0.09999999999999998
NCI:C7420	ICD10CM:C19	0.04999999999999999	0.04999999999999999	0.8	0.09999999999999998
NCI:C7420	ICD10CM:C18.7	0.04999999999999999	0.04999999999999999	0.09999999999999998	0.8
NCI:C7431	ICD10CM:C56	0.04999999999999999	0.04999999999999999	0.8	0.09999999999999998
NCI:C7431	ICD10CM:C56.1	0.09999999999999998	0.8	0.04999999999999999	0.04999999999999999
NCI:C7431	ICD10CM:C56.2	0.09999999999999998	0.8	0.04999999999999999	0.04999999999999999
NCI:C7431	ICD10CM:C56.9	0.09999999999999998	0.8	0.04999999999999999	0.04999999999999999
NCI:C7463	ICD10CM:C92.5	0.04999999999999999	0.04999999999999999	0.8	0.09999999999999998
NCI:C7463	ICD10CM:C92.50	0.04999999999999999	0.04999999999999999	0.09999999999999998	0.8
NCI:C7478	ICD10CM:C15	0.04999999999999999	0.04999999999999999	0.8	0.09999999999999998
NCI:C7478	ICD10CM:C15.8	0.04999999999999999	0.04999999999999999	0.09999999999999998	0.8
NCI:C7478	ICD10CM:C15.9	0.04999999999999999	0.04999999999999999	0.09999999999999998	0.8
NCI:C7480	ICD10CM:C57.0	0.09999999999999998	0.8	0.04999999999999999	0.04999999999999999
NCI:C7480	ICD10CM:C57.00	0.09999999999999998	0.8	0.04999999999999999	0.04999999999999999
NCI:C7480	ICD10CM:C57.02	0.09999999999999998	0.8	0.04999999999999999	0.04999999999999999
NCI:C7481	ICD10CM:C23	0.04999999999999999	0.04999999999999999	0.8	0.09999999999999998
NCI:C7483	ICD10CM:C24.0	0.04999999999999999	0.04999999999999999	0.8	0.09999999999999998
NCI:C7484	ICD10CM:C32	0.04999999999999999	0.04999999999999999	0.8	0.09999999999999998
NCI:C7484	ICD10CM:C32.3	0.09999999999999998	0.8	0.04999999999999999	0.04999999999999999
NCI:C7484	ICD10CM:C32.8	0.04999999999999999	0.04999999999999999	0.09999999999999998	0.8
NCI:C7484	ICD10CM:C32.9	0.04999999999999999	0.04999999999999999	0.09999999999999998	0.8
NCI:C7485	ICD10CM:C44.0	0.04999999999999999	0.04999999999999999	0.8	0.09999999999999998
NCI:C7485	ICD10CM:C00.0	0.09999999999999998	0.8	0.04999999999999999	0.04999999999999999
NCI:C7485	ICD10CM:C00.2	0.09999999999999998	0.8	0.04999999999999999	0.04999999999999999
NCI:C7487	ICD10CM:C31	0.04999999999999999	0.04999999999999999	0.8	0.09999999999999998
NCI:C7487	ICD10CM:C31.9	0.04999999999999999	0.04999999999999999	0.09999999999999998	0.8
NCI:C7502	ICD10CM:C51	0.04999999999999999	0.04999999999999999	0.8	0.09999999999999998
NCI:C7502	ICD10CM:C51.9	0.04999999999999999	0.04999999999999999	0.09999999999999998	0.8
NCI:C7506	ICD10CM:D46.2	0.04999999999999999	0.04999999999999999	0.8	0.09999999999999998
NCI:C7506	ICD10CM:D46.20	0.04999999999999999	0.04999999999999999	0.09999999999999998	0.8
NCI:C7507	ICD10CM:C68.0	0.04999999999999999	0.04999999999999999	0.8	0.09999999999999998
NCI:C7510	ICD10CM:C73	0.04999999999999999	0.04999999999999999	0.8	0.09999999999999998
NCI:C7511	ICD10CM:C79.81	0.04999999999999999	0.04999999999999999	0.09999999999999998	0.8
NCI:C7523	ICD10CM:C17	0.04999999999999999	0.04999999999999999	0.8	0.09999999999999998
NCI:C7523	ICD10CM:C17.2	0.09999999999999998	0.8	0.04999999999999999	0.04999999999999999
NCI:C7523	ICD10CM:C17.9	0.04999999999999999	0.04999999999999999	0.09999999999999998	0.8
NCI:C7525	ICD10CM:C65	0.04999999999999999	0.04999999999999999	0.8	0.09999999999999998
NCI:C7525	ICD10CM:C65.1	0.09999999999999998	0.8	0.04999999999999999	0.04999999999999999
NCI:C7525	ICD10CM:C65.2	0.09999999999999998	0.8	0.04999999999999999	0.04999999999999999
NCI:C7525	ICD10CM:C65.9	0.09999999999999998	0.8	0.04999999999999999	0.04999999999999999
NCI:C7528	ICD10CM:C86.5	0.04999999999999999	0.04999999999999999	0.8	0.09999999999999998
NCI:C7539	ICD10CM:C91	0.04999999999999999	0.04999999999999999	0.8	0.09999999999999998
NCI:C7539	ICD10CM:C91.9	0.04999999999999999	0.04999999999999999	0.09999999999999998	0.8
NCI:C7539	ICD10CM:C91.90	0.04999999999999999	0.04999999999999999	0.09999999999999998	0.8
NCI:C7539	ICD10CM:C91.Z0	0.04999999999999999	0.04999999999999999	0.09999999999999998	0.8
NCI:C7540	ICD10CM:C83.0	0.04999999999999999	0.04999999999999999	0.8	0.09999999999999998
NCI:C7540	ICD10CM:C83.00	0.04999999999999999	0.04999999999999999	0.09999999999999998	0.8
NCI:C7543	ICD10CM:C66.1	0.09999999999999998	0.8	0.04999999999999999	0.04999999999999999
NCI:C7545	ICD10CM:C14.0	0.04999999999999999	0.04999999999999999	0.09999999999999998	0.8
NCI:C7547	ICD10CM:C60	0.04999999999999999	0.04999999999999999	0.8	0.09999999999999998
NCI:C7548	ICD10CM:C7A.093	0.09999999999999998	0.8	0.04999999999999999	0.04999999999999999
NCI:C7633	ICD10CM:C45.1	0.04999999999999999	0.04999999999999999	0.8	0.09999999999999998
NCI:C7698	ICD10CM:F17.223	0.04999999999999999	0.04999999999999999	0.09999999999999998	0.8
NCI:C78255	ICD10CM:T80.2	0.04999999999999999	0.04999999999999999	0.09999999999999998	0.8
NCI:C7927	ICD10CM:C22.7	0.04999999999999999	0.04999999999999999	0.09999999999999998	0.8
NCI:C79949	ICD10CM:C75.2	0.8	0.09999999999999998	0.04999999999999999	0.04999999999999999
NCI:C82547	ICD10CM:R83	0.09999999999999998	0.8	0.04999999999999999	0.04999999999999999
NCI:C82547	ICD10CM:R87	0.09999999999999998	0.8	0.04999999999999999	0.04999999999999999
NCI:C82547	ICD10CM:R90	0.09999999999999998	0.8	0.04999999999999999	0.04999999999999999
NCI:C82547	ICD10CM:R91.8	0.09999999999999998	0.8	0.04999999999999999	0.04999999999999999
NCI:C82547	ICD10CM:R93	0.09999999999999998	0.8	0.04999999999999999	0.04999999999999999
NCI:C8423	ICD10CM:D03.4	0.04999999999999999	0.04999999999999999	0.09999999999999998	0.8
NCI:C8423	ICD10CM:D03.59	0.04999999999999999	0.04999999999999999	0.09999999999999998	0.8
NCI:C8423	ICD10CM:D03.8	0.04999999999999999	0.04999999999999999	0.09999999999999998	0.8
NCI:C8423	ICD10CM:D03.9	0.04999999999999999	0.04999999999999999	0.09999999999999998	0.8
NCI:C84348	ICD10CM:Q85	0.04999999999999999	0.04999999999999999	0.09999999999999998	0.8
NCI:C84509	ICD10:C97	0.04999999999999999	0.04999999999999999	0.09999999999999998	0.8
NCI:C84509	ICD10CM:C80.1	0.04999999999999999	0.04999999999999999	0.09999999999999998	0.8
NCI:C8531	ICD10CM:D14.3	0.09999999999999998	0.8	0.04999999999999999	0.04999999999999999
NCI:C8531	ICD10CM:D14.30	0.09999999999999998	0.8	0.04999999999999999	0.04999999999999999
NCI:C8531	ICD10CM:D14.31	0.09999999999999998	0.8	0.04999999999999999	0.04999999999999999
NCI:C8547	ICD10CM:C79.49	0.04999999999999999	0.04999999999999999	0.09999999999999998	0.8
NCI:C8559	ICD10CM:C75.5	0.04999999999999999	0.04999999999999999	0.09999999999999998	0.8
NCI:C8609	ICD10CM:C22	0.09999999999999998	0.8	0.04999999999999999	0.04999999999999999
NCI:C8609	ICD10CM:C24	0.04999999999999999	0.04999999999999999	0.09999999999999998	0.8
NCI:C8609	ICD10CM:C24.9	0.04999999999999999	0.04999999999999999	0.09999999999999998	0.8
NCI:C8610	ICD10CM:C79.71	0.04999999999999999	0.04999999999999999	0.09999999999999998	0.8
NCI:C8614	ICD10CM:D37.6	0.09999999999999998	0.8	0.04999999999999999	0.04999999999999999
NCI:C8615	ICD10CM:C78.6	0.04999999999999999	0.04999999999999999	0.09999999999999998	0.8
NCI:C8615	ICD10CM:C78.8	0.04999999999999999	0.04999999999999999	0.09999999999999998	0.8
NCI:C8615	ICD10CM:C78.89	0.04999999999999999	0.04999999999999999	0.09999999999999998	0.8
NCI:C8645	ICD10CM:C91.12	0.04999999999999999	0.04999999999999999	0.8	0.09999999999999998
NCI:C8851	ICD10CM:C83.3	0.04999999999999999	0.04999999999999999	0.8	0.09999999999999998
NCI:C8851	ICD10CM:C83	0.04999999999999999	0.04999999999999999	0.09999999999999998	0.8
NCI:C8851	ICD10CM:C83.30	0.04999999999999999	0.04999999999999999	0.09999999999999998	0.8
NCI:C8851	ICD10CM:C83.31	0.04999999999999999	0.04999999999999999	0.09999999999999998	0.8
NCI:C8851	ICD10CM:C83.32	0.04999999999999999	0.04999999999999999	0.09999999999999998	0.8
NCI:C8851	ICD10CM:C83.33	0.04999999999999999	0.04999999999999999	0.09999999999999998	0.8
NCI:C8851	ICD10CM:C83.38	0.04999999999999999	0.04999999999999999	0.09999999999999998	0.8
NCI:C8851	ICD10CM:C83.39	0.04999999999999999	0.04999999999999999	0.09999999999999998	0.8
NCI:C8851	ICD10CM:C83.89	0.04999999999999999	0.04999999999999999	0.09999999999999998	0.8
NCI:C8923	ICD10CM:C94.0	0.04999999999999999	0.04999999999999999	0.8	0.09999999999999998
NCI:C8923	ICD10CM:C94.00	0.04999999999999999	0.04999999999999999	0.09999999999999998	0.8
NCI:C8968	ICD10CM:C82.12	0.04999999999999999	0.04999999999999999	0.09999999999999998	0.8
NCI:C8968	ICD10CM:C82.18	0.04999999999999999	0.04999999999999999	0.09999999999999998	0.8
NCI:C9005	ICD10CM:C25	0.04999999999999999	0.04999999999999999	0.8	0.09999999999999998
NCI:C9005	ICD10CM:C25.0	0.09999999999999998	0.8	0.04999999999999999	0.04999999999999999
NCI:C9005	ICD10CM:C25.1	0.09999999999999998	0.8	0.04999999999999999	0.04999999999999999
NCI:C9005	ICD10CM:C25.2	0.09999999999999998	0.8	0.04999999999999999	0.04999999999999999
NCI:C9005	ICD10CM:C25.3	0.09999999999999998	0.8	0.04999999999999999	0.04999999999999999
NCI:C9005	ICD10CM:C25.7	0.04999999999999999	0.04999999999999999	0.09999999999999998	0.8
NCI:C9005	ICD10CM:C25.8	0.04999999999999999	0.04999999999999999	0.09999999999999998	0.8
NCI:C9005	ICD10CM:C25.9	0.04999999999999999	0.04999999999999999	0.09999999999999998	0.8
NCI:C9070	ICD10CM:C92.12	0.04999999999999999	0.04999999999999999	0.8	0.09999999999999998
NCI:C9087	ICD10CM:C46	0.04999999999999999	0.04999999999999999	0.8	0.09999999999999998
NCI:C9087	ICD10CM:C46.1	0.09999999999999998	0.8	0.04999999999999999	0.04999999999999999
NCI:C9087	ICD10CM:C46.4	0.09999999999999998	0.8	0.04999999999999999	0.04999999999999999
NCI:C9224	ICD10CM:K20	0.04999999999999999	0.04999999999999999	0.8	0.09999999999999998
NCI:C9233	ICD10CM:C93.30	0.04999999999999999	0.04999999999999999	0.09999999999999998	0.8
NCI:C9242	ICD10CM:C18	0.04999999999999999	0.04999999999999999	0.8	0.09999999999999998
NCI:C9242	ICD10CM:C18.2	0.09999999999999998	0.8	0.04999999999999999	0.04999999999999999
NCI:C9242	ICD10CM:C18.3	0.09999999999999998	0.8	0.04999999999999999	0.04999999999999999
NCI:C9242	ICD10CM:C18.4	0.09999999999999998	0.8	0.04999999999999999	0.04999999999999999
NCI:C9242	ICD10CM:C18.5	0.09999999999999998	0.8	0.04999999999999999	0.04999999999999999
NCI:C9242	ICD10CM:C18.6	0.09999999999999998	0.8	0.04999999999999999	0.04999999999999999
NCI:C9242	ICD10CM:C18.8	0.04999999999999999	0.04999999999999999	0.09999999999999998	0.8
NCI:C9242	ICD10CM:C18.9	0.04999999999999999	0.04999999999999999	0.09999999999999998	0.8
NCI:C9280	ICD10CM:C85.2	0.04999999999999999	0.04999999999999999	0.8	0.09999999999999998
NCI:C9280	ICD10CM:C85.22	0.04999999999999999	0.04999999999999999	0.09999999999999998	0.8
NCI:C92808	ICD10CM:Z79.3	0.04999999999999999	0.04999999999999999	0.09999999999999998	0.8
NCI:C9283	ICD10CM:C81.3	0.04999999999999999	0.04999999999999999	0.8	0.09999999999999998
NCI:C9283	ICD10CM:C81.30	0.04999999999999999	0.04999999999999999	0.09999999999999998	0.8
NCI:C9289	ICD10CM:C92.A0	0.04999999999999999	0.04999999999999999	0.09999999999999998	0.8
NCI:C92949	ICD10CM:Z32.00	0.04999999999999999	0.04999999999999999	0.09999999999999998	0.8
NCI:C9297	ICD10CM:C68.9	0.04999999999999999	0.04999999999999999	0.09999999999999998	0.8
NCI:C9300	ICD10CM:C95.0	0.04999999999999999	0.04999999999999999	0.09999999999999998	0.8
NCI:C9300	ICD10CM:C95.00	0.04999999999999999	0.04999999999999999	0.09999999999999998	0.8
NCI:C93047	ICD10CM:R09.02	0.04999999999999999	0.04999999999999999	0.8	0.09999999999999998
NCI:C9305	ICD10CM:C76	0.09999999999999998	0.8	0.04999999999999999	0.04999999999999999
NCI:C9305	ICD10CM:C76.5	0.09999999999999998	0.8	0.04999999999999999	0.04999999999999999
NCI:C9305	ICD10CM:C80	0.09999999999999998	0.8	0.04999999999999999	0.04999999999999999
NCI:C9305	ICD10CM:C80.0	0.09999999999999998	0.8	0.04999999999999999	0.04999999999999999
NCI:C9305	ICD10:C80.9	0.04999999999999999	0.04999999999999999	0.09999999999999998	0.8
NCI:C9305	ICD10CM:C76.8	0.04999999999999999	0.04999999999999999	0.09999999999999998	0.8
NCI:C9311	ICD10CM:C53	0.04999999999999999	0.04999999999999999	0.8	0.09999999999999998
NCI:C9311	ICD10CM:C53.8	0.04999999999999999	0.04999999999999999	0.09999999999999998	0.8
NCI:C9311	ICD10CM:C53.9	0.04999999999999999	0.04999999999999999	0.09999999999999998	0.8
NCI:C9314	ICD10CM:C06.2	0.09999999999999998	0.8	0.04999999999999999	0.04999999999999999
NCI:C9314	ICD10CM:C06	0.04999999999999999	0.04999999999999999	0.09999999999999998	0.8
NCI:C9314	ICD10CM:C06.8	0.04999999999999999	0.04999999999999999	0.09999999999999998	0.8
NCI:C9314	ICD10CM:C06.9	0.04999999999999999	0.04999999999999999	0.09999999999999998	0.8
NCI:C9317	ICD10CM:C03.1	0.09999999999999998	0.8	0.04999999999999999	0.04999999999999999
NCI:C9317	ICD10CM:C03.9	0.04999999999999999	0.04999999999999999	0.09999999999999998	0.8
NCI:C9318	ICD10CM:C04.0	0.09999999999999998	0.8	0.04999999999999999	0.04999999999999999
NCI:C9318	ICD10CM:C04.8	0.09999999999999998	0.8	0.04999999999999999	0.04999999999999999
NCI:C9318	ICD10CM:C04.9	0.04999999999999999	0.04999999999999999	0.09999999999999998	0.8
NCI:C9320	ICD10CM:C06.0	0.04999999999999999	0.04999999999999999	0.8	0.09999999999999998
NCI:C9321	ICD10CM:C11	0.04999999999999999	0.04999999999999999	0.8	0.09999999999999998
NCI:C9321	ICD10CM:C11.1	0.09999999999999998	0.8	0.04999999999999999	0.04999999999999999
NCI:C9321	ICD10CM:C11.9	0.04999999999999999	0.04999999999999999	0.09999999999999998	0.8
NCI:C9322	ICD10CM:C75.0	0.04999999999999999	0.04999999999999999	0.8	0.09999999999999998
NCI:C9327	ICD10CM:C74.02	0.09999999999999998	0.8	0.04999999999999999	0.04999999999999999
NCI:C9328	ICD10CM:C17.0	0.04999999999999999	0.04999999999999999	0.8	0.09999999999999998
NCI:C9329	ICD10CM:C18.0	0.04999999999999999	0.04999999999999999	0.8	0.09999999999999998
NCI:C9331	ICD10CM:C16	0.04999999999999999	0.04999999999999999	0.8	0.09999999999999998
NCI:C9331	ICD10CM:C16.0	0.09999999999999998	0.8	0.04999999999999999	0.04999999999999999
NCI:C9331	ICD10CM:C16.2	0.09999999999999998	0.8	0.04999999999999999	0.04999999999999999
NCI:C9331	ICD10CM:C16.3	0.09999999999999998	0.8	0.04999999999999999	0.04999999999999999
NCI:C9331	ICD10CM:C16.8	0.04999999999999999	0.04999999999999999	0.09999999999999998	0.8
NCI:C9331	ICD10CM:C16.9	0.04999999999999999	0.04999999999999999	0.09999999999999998	0.8
NCI:C9333	ICD10CM:C18.1	0.04999999999999999	0.04999999999999999	0.8	0.09999999999999998
NCI:C9334	ICD10CM:C67	0.04999999999999999	0.04999999999999999	0.8	0.09999999999999998
NCI:C9334	ICD10CM:C67.1	0.09999999999999998	0.8	0.04999999999999999	0.04999999999999999
NCI:C9334	ICD10CM:C67.4	0.09999999999999998	0.8	0.04999999999999999	0.04999999999999999
NCI:C9334	ICD10CM:C67.8	0.04999999999999999	0.04999999999999999	0.09999999999999998	0.8
NCI:C9334	ICD10CM:C67.9	0.04999999999999999	0.04999999999999999	0.09999999999999998	0.8
NCI:C9335	ICD10CM:C50	0.04999999999999999	0.04999999999999999	0.8	0.09999999999999998
NCI:C9335	ICD10CM:C50.1	0.09999999999999998	0.8	0.04999999999999999	0.04999999999999999
NCI:C9335	ICD10CM:C50.111	0.09999999999999998	0.8	0.04999999999999999	0.04999999999999999
NCI:C9335	ICD10CM:C50.112	0.09999999999999998	0.8	0.04999999999999999	0.04999999999999999
NCI:C9335	ICD10CM:C50.2	0.09999999999999998	0.8	0.04999999999999999	0.04999999999999999
NCI:C9335	ICD10CM:C50.211	0.09999999999999998	0.8	0.04999999999999999	0.04999999999999999
NCI:C9335	ICD10CM:C50.212	0.09999999999999998	0.8	0.04999999999999999	0.04999999999999999
NCI:C9335	ICD10CM:C50.219	0.09999999999999998	0.8	0.04999999999999999	0.04999999999999999
NCI:C9335	ICD10CM:C50.3	0.09999999999999998	0.8	0.04999999999999999	0.04999999999999999
NCI:C9335	ICD10CM:C50.311	0.09999999999999998	0.8	0.04999999999999999	0.04999999999999999
NCI:C9335	ICD10CM:C50.312	0.09999999999999998	0.8	0.04999999999999999	0.04999999999999999
NCI:C9335	ICD10CM:C50.319	0.09999999999999998	0.8	0.04999999999999999	0.04999999999999999
NCI:C9335	ICD10CM:C50.4	0.09999999999999998	0.8	0.04999999999999999	0.04999999999999999
NCI:C9335	ICD10CM:C50.411	0.09999999999999998	0.8	0.04999999999999999	0.04999999999999999
NCI:C9335	ICD10CM:C50.412	0.09999999999999998	0.8	0.04999999999999999	0.04999999999999999
NCI:C9335	ICD10CM:C50.419	0.09999999999999998	0.8	0.04999999999999999	0.04999999999999999
NCI:C9335	ICD10CM:C50.5	0.09999999999999998	0.8	0.04999999999999999	0.04999999999999999
NCI:C9335	ICD10CM:C50.511	0.09999999999999998	0.8	0.04999999999999999	0.04999999999999999
NCI:C9335	ICD10CM:C50.512	0.09999999999999998	0.8	0.04999999999999999	0.04999999999999999
NCI:C9335	ICD10CM:C50.519	0.09999999999999998	0.8	0.04999999999999999	0.04999999999999999
NCI:C9335	ICD10CM:C50.6	0.09999999999999998	0.8	0.04999999999999999	0.04999999999999999
NCI:C9335	ICD10CM:C50.8	0.04999999999999999	0.04999999999999999	0.09999999999999998	0.8
NCI:C9335	ICD10CM:C50.811	0.04999999999999999	0.04999999999999999	0.09999999999999998	0.8
NCI:C9335	ICD10CM:C50.812	0.04999999999999999	0.04999999999999999	0.09999999999999998	0.8
NCI:C9335	ICD10CM:C50.819	0.04999999999999999	0.04999999999999999	0.09999999999999998	0.8
NCI:C9335	ICD10CM:C50.9	0.04999999999999999	0.04999999999999999	0.09999999999999998	0.8
NCI:C9335	ICD10CM:C50.91	0.04999999999999999	0.04999999999999999	0.09999999999999998	0.8
NCI:C9335	ICD10CM:C50.911	0.04999999999999999	0.04999999999999999	0.09999999999999998	0.8
NCI:C9335	ICD10CM:C50.912	0.04999999999999999	0.04999999999999999	0.09999999999999998	0.8
NCI:C9335	ICD10CM:C50.919	0.04999999999999999	0.04999999999999999	0.09999999999999998	0.8
NCI:C9335	ICD10CM:C50.929	0.04999999999999999	0.04999999999999999	0.09999999999999998	0.8
NCI:C9338	ICD10CM:C74	0.04999999999999999	0.04999999999999999	0.8	0.09999999999999998
NCI:C9338	ICD10CM:C74.9	0.04999999999999999	0.04999999999999999	0.09999999999999998	0.8
NCI:C9338	ICD10CM:C74.90	0.04999999999999999	0.04999999999999999	0.09999999999999998	0.8
NCI:C9338	ICD10CM:C74.91	0.04999999999999999	0.04999999999999999	0.09999999999999998	0.8
NCI:C9338	ICD10CM:C74.92	0.04999999999999999	0.04999999999999999	0.09999999999999998	0.8
NCI:C9343	ICD10CM:D48.0	0.09999999999999998	0.8	0.04999999999999999	0.04999999999999999
NCI:C9345	ICD10CM:C02.0	0.09999999999999998	0.8	0.04999999999999999	0.04999999999999999
NCI:C9345	ICD10CM:C02.1	0.09999999999999998	0.8	0.04999999999999999	0.04999999999999999
NCI:C9345	ICD10CM:C02.2	0.09999999999999998	0.8	0.04999999999999999	0.04999999999999999
NCI:C9345	ICD10CM:C02	0.04999999999999999	0.04999999999999999	0.09999999999999998	0.8
NCI:C9345	ICD10CM:C02.9	0.04999999999999999	0.04999999999999999	0.09999999999999998	0.8
NCI:C9346	ICD10CM:C33	0.04999999999999999	0.04999999999999999	0.8	0.09999999999999998
NCI:C9351	ICD10CM:C45.0	0.04999999999999999	0.04999999999999999	0.8	0.09999999999999998
NCI:C9357	ICD10CM:C81	0.04999999999999999	0.04999999999999999	0.8	0.09999999999999998
NCI:C9357	ICD10CM:C81.9	0.04999999999999999	0.04999999999999999	0.09999999999999998	0.8
NCI:C9357	ICD10CM:C81.90	0.04999999999999999	0.04999999999999999	0.09999999999999998	0.8
NCI:C9357	ICD10CM:C81.91	0.04999999999999999	0.04999999999999999	0.09999999999999998	0.8
NCI:C9357	ICD10CM:C81.98	0.04999999999999999	0.04999999999999999	0.09999999999999998	0.8
NCI:C9360	ICD10CM:C83.5	0.04999999999999999	0.04999999999999999	0.09999999999999998	0.8
NCI:C9360	ICD10CM:C83.50	0.04999999999999999	0.04999999999999999	0.09999999999999998	0.8
NCI:C9360	ICD10CM:C83.51	0.04999999999999999	0.04999999999999999	0.09999999999999998	0.8
NCI:C9360	ICD10CM:C83.52	0.04999999999999999	0.04999999999999999	0.09999999999999998	0.8
NCI:C9360	ICD10CM:C83.56	0.04999999999999999	0.04999999999999999	0.09999999999999998	0.8
NCI:C9360	ICD10CM:C83.58	0.04999999999999999	0.04999999999999999	0.09999999999999998	0.8
NCI:C9360	ICD10CM:C83.59	0.04999999999999999	0.04999999999999999	0.09999999999999998	0.8
NCI:C95071	ICD10:Z91.3	0.04999999999999999	0.04999999999999999	0.09999999999999998	0.8
NCI:C95614	ICD10CM:K22.70	0.04999999999999999	0.04999999999999999	0.8	0.09999999999999998
NCI:C96413	ICD10CM:G93.89	0.04999999999999999	0.04999999999999999	0.09999999999999998	0.8
NCI:C96413	ICD10CM:G93.9	0.04999999999999999	0.04999999999999999	0.09999999999999998	0.8
NCI:C99957	ICD10CM:Z63.6	0.04999999999999999	0.04999999999999999	0.09999999999999998	0.8
