{
  "graphs" : [
    {
      "id" : "urn:clique:06d275a9a1e5786c8747d454c0580198a721949b253895201d97aa7013a9d513",
      "nodes" : [
        {
          "id" : "ICD10CM:R13",
          "type" : "CLASS"
        },
        {
          "id" : "NCI:C2980",
          "type" : "CLASS",
          "lbl" : "Dysphagia"
        }
      ],
      "edges" : [
        {
          "sub" : "ICD10CM:R13",
          "pred" : "owl:equivalentClass",
          "obj" : "NCI:C2980",
          "meta" : {
            "basicPropertyValues" : [
              {
                "pred" : "https://w3id.org/kgviz/penwidth",
                "val" : 8.0
              }
            ]
          }
        }
      ],
      "equivalentNodesSets" : [
        {
          "nodeIds" : [
            "NCI:C2980",
            "ICD10CM:R13"
          ]
        }
      ]
    }
  ]
}