{
  "graphs" : [
    {
      "id" : "urn:clique:18b6c8128fcd584c0821e5b135130fe59b8252da03c1483bc27a068485d9dcf5",
      "nodes" : [
        {
          "id" : "DOID:7998",
          "type" : "CLASS",
          "lbl" : "hyperthyroidism"
        },
        {
          "id" : "MESH:D006980",
          "type" : "CLASS"
        }
      ],
      "edges" : [
        {
          "sub" : "DOID:7998",
          "pred" : "owl:equivalentClass",
          "obj" : "MESH:D006980",
          "meta" : {
            "basicPropertyValues" : [
              {
                "pred" : "https://w3id.org/kgviz/penwidth",
                "val" : 8.0
              }
            ]
          }
        },
        {
          "sub" : "DOID:7998",
          "pred" : "owl:equivalentClass",
          "obj" : "MESH:D006980",
          "meta" : {
            "basicPropertyValues" : [
              {
                "pred" : "https://w3id.org/kgviz/penwidth",
                "val" : 0.9999999999999998
              }
            ]
          }
        }
      ],
      "equivalentNodesSets" : [
        {
          "nodeIds" : [
            "DOID:7998",
            "MESH:D006980"
          ]
        }
      ]
    }
  ]
}