{
  "graphs" : [
    {
      "id" : "urn:clique:828ef5566fa9c5a6c184062001eca8dbd15abde8ac957b5e3283212f2a93bd1d",
      "nodes" : [
        {
          "id" : "NCI:C4767",
          "type" : "CLASS",
          "lbl" : "Malignant Eye Neoplasm"
        },
        {
          "id" : "ICD10CM:C69",
          "type" : "CLASS"
        }
      ],
      "edges" : [
        {
          "sub" : "NCI:C4767",
          "pred" : "is_a",
          "obj" : "ICD10CM:C69",
          "meta" : {
            "basicPropertyValues" : [
              {
                "pred" : "https://w3id.org/kgviz/penwidth",
                "val" : 8.0
              }
            ]
          }
        }
      ],
      "equivalentNodesSets" : [
      ]
    }
  ]
}