{
  "graphs" : [
    {
      "id" : "urn:clique:8e7f04a0eaa45bae6154a2ba49cdbac27b5cbb51092dbf0dc9224b677c17f976",
      "nodes" : [
        {
          "id" : "ICD10CM:C84.1",
          "type" : "CLASS"
        },
        {
          "id" : "NCI:C3366",
          "type" : "CLASS",
          "lbl" : "Sezary Syndrome"
        }
      ],
      "edges" : [
        {
          "sub" : "ICD10CM:C84.1",
          "pred" : "owl:equivalentClass",
          "obj" : "NCI:C3366",
          "meta" : {
            "basicPropertyValues" : [
              {
                "pred" : "https://w3id.org/kgviz/penwidth",
                "val" : 8.0
              }
            ]
          }
        }
      ],
      "equivalentNodesSets" : [
        {
          "nodeIds" : [
            "NCI:C3366",
            "ICD10CM:C84.1"
          ]
        }
      ]
    }
  ]
}