{
  "graphs" : [
    {
      "id" : "urn:clique:9535184c268c71aa14f9b6daf9baed2fb7402dda7094a75fe2735dd894830f9c",
      "nodes" : [
        {
          "id" : "ICD10CM:C32.1",
          "type" : "CLASS"
        },
        {
          "id" : "NCI:C3545",
          "type" : "CLASS",
          "lbl" : "Malignant Supraglottis Neoplasm"
        }
      ],
      "edges" : [
        {
          "sub" : "ICD10CM:C32.1",
          "pred" : "owl:equivalentClass",
          "obj" : "NCI:C3545",
          "meta" : {
            "basicPropertyValues" : [
              {
                "pred" : "https://w3id.org/kgviz/penwidth",
                "val" : 8.0
              }
            ]
          }
        }
      ],
      "equivalentNodesSets" : [
        {
          "nodeIds" : [
            "ICD10CM:C32.1",
            "NCI:C3545"
          ]
        }
      ]
    }
  ]
}