{
  "graphs" : [
    {
      "id" : "urn:clique:a6b8c8a2ea8acbfdc7b04961aee9e1b507b4d3c2d7647c8651c8d64fb905214b",
      "nodes" : [
        {
          "id" : "DOID:0050467",
          "type" : "CLASS",
          "lbl" : "erythrokeratodermia variabilis"
        },
        {
          "id" : "MESH:D056266",
          "type" : "CLASS"
        }
      ],
      "edges" : [
        {
          "sub" : "DOID:0050467",
          "pred" : "owl:equivalentClass",
          "obj" : "MESH:D056266",
          "meta" : {
            "basicPropertyValues" : [
              {
                "pred" : "https://w3id.org/kgviz/penwidth",
                "val" : 0.9999999999999998
              }
            ]
          }
        },
        {
          "sub" : "DOID:0050467",
          "pred" : "owl:equivalentClass",
          "obj" : "MESH:D056266",
          "meta" : {
            "basicPropertyValues" : [
              {
                "pred" : "https://w3id.org/kgviz/penwidth",
                "val" : 8.0
              }
            ]
          }
        }
      ],
      "equivalentNodesSets" : [
        {
          "nodeIds" : [
            "DOID:0050467",
            "MESH:D056266"
          ]
        }
      ]
    }
  ]
}