{
  "graphs" : [
    {
      "id" : "urn:clique:b078f5b9c1220ac0e92268812b6e6bd926b957189c88e955cf6a855a5ab27d1e",
      "nodes" : [
        {
          "id" : "NCI:C7398",
          "type" : "CLASS",
          "lbl" : "Malignant Oropharyngeal Neoplasm"
        },
        {
          "id" : "ICD10CM:C10.2",
          "type" : "CLASS"
        },
        {
          "id" : "ICD10CM:C10.3",
          "type" : "CLASS"
        },
        {
          "id" : "ICD10CM:C09.1",
          "type" : "CLASS"
        },
        {
          "id" : "ICD10CM:C10",
          "type" : "CLASS"
        },
        {
          "id" : "ICD10CM:C09.0",
          "type" : "CLASS"
        }
      ],
      "edges" : [
        {
          "sub" : "ICD10CM:C10.2",
          "pred" : "is_a",
          "obj" : "NCI:C7398",
          "meta" : {
            "basicPropertyValues" : [
              {
                "pred" : "https://w3id.org/kgviz/penwidth",
                "val" : 8.0
              }
            ]
          }
        },
        {
          "sub" : "ICD10CM:C09.1",
          "pred" : "is_a",
          "obj" : "NCI:C7398",
          "meta" : {
            "basicPropertyValues" : [
              {
                "pred" : "https://w3id.org/kgviz/penwidth",
                "val" : 8.0
              }
            ]
          }
        },
        {
          "sub" : "ICD10CM:C10.3",
          "pred" : "is_a",
          "obj" : "NCI:C7398",
          "meta" : {
            "basicPropertyValues" : [
              {
                "pred" : "https://w3id.org/kgviz/penwidth",
                "val" : 8.0
              }
            ]
          }
        },
        {
          "sub" : "ICD10CM:C10",
          "pred" : "owl:equivalentClass",
          "obj" : "NCI:C7398",
          "meta" : {
            "basicPropertyValues" : [
              {
                "pred" : "https://w3id.org/kgviz/penwidth",
                "val" : 8.0
              }
            ]
          }
        },
        {
          "sub" : "ICD10CM:C09.0",
          "pred" : "is_a",
          "obj" : "NCI:C7398",
          "meta" : {
            "basicPropertyValues" : [
              {
                "pred" : "https://w3id.org/kgviz/penwidth",
                "val" : 8.0
              }
            ]
          }
        }
      ],
      "equivalentNodesSets" : [
        {
          "nodeIds" : [
            "ICD10CM:C10",
            "NCI:C7398"
          ]
        }
      ]
    }
  ]
}