{
  "graphs" : [
    {
      "id" : "urn:clique:d3cf347b4006481a090608b86b19f0db66e3305eed3f851990be078c1f8e6fd7",
      "nodes" : [
        {
          "id" : "ICD10CM:C57.02",
          "type" : "CLASS"
        },
        {
          "id" : "NCI:C7480",
          "type" : "CLASS",
          "lbl" : "Malignant Fallopian Tube Neoplasm"
        },
        {
          "id" : "ICD10CM:C57.00",
          "type" : "CLASS"
        },
        {
          "id" : "ICD10CM:C57.0",
          "type" : "CLASS"
        }
      ],
      "edges" : [
        {
          "sub" : "ICD10CM:C57.02",
          "pred" : "is_a",
          "obj" : "NCI:C7480",
          "meta" : {
            "basicPropertyValues" : [
              {
                "pred" : "https://w3id.org/kgviz/penwidth",
                "val" : 8.0
              }
            ]
          }
        },
        {
          "sub" : "ICD10CM:C57.00",
          "pred" : "is_a",
          "obj" : "NCI:C7480",
          "meta" : {
            "basicPropertyValues" : [
              {
                "pred" : "https://w3id.org/kgviz/penwidth",
                "val" : 8.0
              }
            ]
          }
        },
        {
          "sub" : "ICD10CM:C57.0",
          "pred" : "is_a",
          "obj" : "NCI:C7480",
          "meta" : {
            "basicPropertyValues" : [
              {
                "pred" : "https://w3id.org/kgviz/penwidth",
                "val" : 8.0
              }
            ]
          }
        }
      ],
      "equivalentNodesSets" : [
      ]
    }
  ]
}