{
  "graphs" : [
    {
      "id" : "urn:clique:d5ce8c22a0e59ee0a49cd14691e0e390d2d01c3cfa222dc9c10bf00b0c207898",
      "nodes" : [
        {
          "id" : "DOID:2841",
          "type" : "CLASS",
          "lbl" : "asthma"
        },
        {
          "id" : "MESH:D001249",
          "type" : "CLASS"
        }
      ],
      "edges" : [
        {
          "sub" : "DOID:2841",
          "pred" : "owl:equivalentClass",
          "obj" : "MESH:D001249",
          "meta" : {
            "basicPropertyValues" : [
              {
                "pred" : "https://w3id.org/kgviz/penwidth",
                "val" : 8.0
              }
            ]
          }
        },
        {
          "sub" : "DOID:2841",
          "pred" : "owl:equivalentClass",
          "obj" : "MESH:D001249",
          "meta" : {
            "basicPropertyValues" : [
              {
                "pred" : "https://w3id.org/kgviz/penwidth",
                "val" : 0.9999999999999998
              }
            ]
          }
        }
      ],
      "equivalentNodesSets" : [
        {
          "nodeIds" : [
            "MESH:D001249",
            "DOID:2841"
          ]
        }
      ]
    }
  ]
}