{
  "graphs" : [
    {
      "id" : "urn:clique:ef17315600ff9e18d8725ade7720cf8f129c3656ed31e8b1df2a51795256bc55",
      "nodes" : [
        {
          "id" : "ICD10CM:C81.0",
          "type" : "CLASS"
        },
        {
          "id" : "NCI:C7258",
          "type" : "CLASS",
          "lbl" : "Nodular Lymphocyte Predominant Hodgkin Lymphoma"
        }
      ],
      "edges" : [
        {
          "sub" : "ICD10CM:C81.0",
          "pred" : "owl:equivalentClass",
          "obj" : "NCI:C7258",
          "meta" : {
            "basicPropertyValues" : [
              {
                "pred" : "https://w3id.org/kgviz/penwidth",
                "val" : 8.0
              }
            ]
          }
        }
      ],
      "equivalentNodesSets" : [
        {
          "nodeIds" : [
            "NCI:C7258",
            "ICD10CM:C81.0"
          ]
        }
      ]
    }
  ]
}